DEFINE TENANT_ID ='&1'
SET FEEDBACK ON
SET SERVEROUTPUT ON

BEGIN

    UPDATE EMS_ANALYTICS_SEARCH_PARAMS
    SET PARAM_VALUE_CLOB  ='{"version":0.5,"criteria":[{"jsonConstructor":"TargetStatusSearchCriterion","data":{"id":"target_status","_value":null,"dataType":"string","displayName":"Target Status","displayDetails":null,"role":"column","func":null,"UIProperties":{"useForSort":false,"ignoreCase":true}}},{"jsonConstructor":"TargetTypeSearchCriterion","data":{"id":"target_type","_value":{"jsonConstructor":"CriterionExpression","data":{"type":"in","values":[{"jsonConstructor":"CriterionValue","data":{"value":"host","metadata":{"category":false},"displayValue":"Host"}}]}},"dataType":"string","displayName":"Target Type","displayDetails":null,"role":"filter","func":null,"UIProperties":{"useForSort":false}}},{"jsonConstructor":"MetricGroupSearchCriterion","data":{"id":"host_Load_cpuUtil","_value":null,"dataType":"number","displayName":"CPU Utilization (%)","displayDetails":"CPU","role":"column","func":null,"UIProperties":{"dropDownOptions":[{"value":"cigar","label":"Cigar Chart"},{"value":"string","label":"Text"}],"dropDownValue":"cigar","useForSort":true},"targetType":"host","unitStr":"%","mcName":"cpuUtil","mgName":"Load","mgDisplayName":"CPU","isKey":0,"groupKeyColumns":[],"isConfig":0,"direction":"DESC","inverseNullOrderBy":true}},{"jsonConstructor":"MetricGroupSearchCriterion","data":{"id":"host_Load_memUsedPct","_value":null,"dataType":"number","displayName":"Memory Utilization (%)","displayDetails":"Memory","role":"column","func":null,"UIProperties":{"dropDownOptions":[{"value":"cigar","label":"Cigar Chart"},{"value":"string","label":"Text"}],"dropDownValue":"cigar","useForSort":false},"targetType":"host","unitStr":"%","mcName":"memUsedPct","mgName":"Load","mgDisplayName":"Memory","isKey":0,"groupKeyColumns":[],"isConfig":0}}]}'
    WHERE SEARCH_ID =3025
    AND NAME='TA_CRITERIA'
    AND TENANT_ID='&TENANT_ID';

    COMMIT;
    DBMS_OUTPUT.PUT_LINE('Update TA_CRITERIA for SEARCH_ID: 3025 in Schema object: EMS_ANALYTICS_SEARCH_PARAMS successfully for tenant: &TENANT_ID');

EXCEPTION
WHEN OTHERS THEN
  ROLLBACK;
  DBMS_OUTPUT.PUT_LINE('Failed to update TA_CRITERIA on SEARCH_ID: 3025 due to '||SQLERRM);
  RAISE;
END;
/


---add 3 OOB TA ineligble OOB widgets for Target Card use only
DECLARE
  v_count number;
BEGIN

    SELECT COUNT(1) INTO v_count FROM EMS_ANALYTICS_SEARCH WHERE search_id=3100 AND TENANT_ID  ='&TENANT_ID';
    IF (v_count=0) THEN
        Insert into EMS_ANALYTICS_SEARCH
        (SEARCH_ID,NAME,OWNER,CREATION_DATE,LAST_MODIFICATION_DATE,LAST_MODIFIED_BY,DESCRIPTION,FOLDER_ID,CATEGORY_ID,NAME_NLSID,NAME_SUBSYSTEM,DESCRIPTION_NLSID,DESCRIPTION_SUBSYSTEM,SYSTEM_SEARCH,EM_PLUGIN_ID,IS_LOCKED,METADATA_CLOB,SEARCH_DISPLAY_STR,UI_HIDDEN,TENANT_ID,IS_WIDGET)
        values (3100,'host_ec_16','ORACLE',SYS_EXTRACT_UTC(SYSTIMESTAMP),SYS_EXTRACT_UTC(SYSTIMESTAMP),'ORACLE',NULL,4,2,null,null,null,null,1,null,0,null,'',0,'&TENANT_ID',1);
        Insert into EMS_ANALYTICS_SEARCH_PARAMS (SEARCH_ID,NAME,PARAM_ATTRIBUTES,PARAM_TYPE,PARAM_VALUE_STR,PARAM_VALUE_CLOB,TENANT_ID) values (3100,'PROVIDER_ASSET_ROOT',null,1,'assetRoot',null,'&TENANT_ID');
        Insert into EMS_ANALYTICS_SEARCH_PARAMS (SEARCH_ID,NAME,PARAM_ATTRIBUTES,PARAM_TYPE,PARAM_VALUE_STR,PARAM_VALUE_CLOB,TENANT_ID) values (3100,'PROVIDER_NAME',null,1,'TargetAnalytics',null,'&TENANT_ID');
        Insert into EMS_ANALYTICS_SEARCH_PARAMS (SEARCH_ID,NAME,PARAM_ATTRIBUTES,PARAM_TYPE,PARAM_VALUE_STR,PARAM_VALUE_CLOB,TENANT_ID) values (3100,'PROVIDER_VERSION',null,1,'1.1',null,'&TENANT_ID');
        Insert into EMS_ANALYTICS_SEARCH_PARAMS (SEARCH_ID,NAME,PARAM_ATTRIBUTES,PARAM_TYPE,PARAM_VALUE_STR,PARAM_VALUE_CLOB,TENANT_ID) values (3100,'SELECTED_TIME_RANGE',null,1,'[1461652275230,1461738675230]',null,'&TENANT_ID');
        Insert into EMS_ANALYTICS_SEARCH_PARAMS (SEARCH_ID,NAME,PARAM_ATTRIBUTES,PARAM_TYPE,PARAM_VALUE_STR,PARAM_VALUE_CLOB,TENANT_ID) values (3100,'TA_CORRELATION_TIME_PERIOD_KEY',null,1,'744',null,'&TENANT_ID');
        Insert into EMS_ANALYTICS_SEARCH_PARAMS (SEARCH_ID,NAME,PARAM_ATTRIBUTES,PARAM_TYPE,PARAM_VALUE_STR,PARAM_VALUE_CLOB,TENANT_ID) values (3100,'TA_CRITERIA',null,2,null,'{"version":0.5,"criteria":[{"jsonConstructor":"TargetNameSearchCriterion","data":{"_id":"target_name","_value":{"jsonConstructor":"CriterionExpression","data":{"type":"or","values":[{"jsonConstructor":"CriterionExpression","data":{"type":"like","values":{"jsonConstructor":"CriterionValue","data":{"value":"%host%"}}}}]}},"dataType":"string","_displayName":"Target Name","displayDetails":null,"role":"filter","func":null,"UIProperties":{},"measures":[{"name":"DISPLAYNAME","displayName":"Target Name","description":"User friendly name for the Target","dimensionName":"","dataType":1,"disableGroupBy":false,"precision":256,"scale":0,"hide":0}]}},{"jsonConstructor":"TargetTypeSearchCriterion","data":{"_id":"target_type","_value":{"jsonConstructor":"CriterionExpression","data":{"type":"in","values":[{"jsonConstructor":"CriterionValue","data":{"value":"host","metadata":{"category":false},"displayValue":"Host"}}]}},"dataType":"string","_displayName":"Target Type","displayDetails":null,"role":"filter","func":null,"UIProperties":{}}},{"jsonConstructor":"MetricGroupSearchCriterion","data":{"_id":"host_Load_cpuUtil_","_value":null,"dataType":"number","_displayName":"CPU Utilization (%)","displayDetails":"Load","role":"y-axis ","func":"mean","UIProperties":{},"targetType":"host","unitStr":"%","mcName":"cpuUtil","mgName":"Load","mgDisplayName":"Load","isKey":false,"groupKeyColumns":[],"measures":[],"isConfig":false,"isCurated":true}}]}','&TENANT_ID');
        Insert into EMS_ANALYTICS_SEARCH_PARAMS (SEARCH_ID,NAME,PARAM_ATTRIBUTES,PARAM_TYPE,PARAM_VALUE_STR,PARAM_VALUE_CLOB,TENANT_ID) values (3100,'TA_DONUT_WIDGET_ENABLE_RANKING',null,1,'false',null,'&TENANT_ID');
        Insert into EMS_ANALYTICS_SEARCH_PARAMS (SEARCH_ID,NAME,PARAM_ATTRIBUTES,PARAM_TYPE,PARAM_VALUE_STR,PARAM_VALUE_CLOB,TENANT_ID) values (3100,'TA_DONUT_WIDGET_TOP_N_CONFIG',null,2,null,'{}','&TENANT_ID');
        Insert into EMS_ANALYTICS_SEARCH_PARAMS (SEARCH_ID,NAME,PARAM_ATTRIBUTES,PARAM_TYPE,PARAM_VALUE_STR,PARAM_VALUE_CLOB,TENANT_ID) values (3100,'TA_FUNNEL_WIDGET_CALLOUT',null,1,'none',null,'&TENANT_ID');
        Insert into EMS_ANALYTICS_SEARCH_PARAMS (SEARCH_ID,NAME,PARAM_ATTRIBUTES,PARAM_TYPE,PARAM_VALUE_STR,PARAM_VALUE_CLOB,TENANT_ID) values (3100,'TA_FUNNEL_WIDGET_KEY_METRICS',null,2,null,'{"keyMetricsNameList":[],"otherKeyMetricsNameList":[]}','&TENANT_ID');
        Insert into EMS_ANALYTICS_SEARCH_PARAMS (SEARCH_ID,NAME,PARAM_ATTRIBUTES,PARAM_TYPE,PARAM_VALUE_STR,PARAM_VALUE_CLOB,TENANT_ID) values (3100,'TA_FUNNEL_WIDGET_OTHER_METRICS_CRITERIA',null,2,null,'[]','&TENANT_ID');
        Insert into EMS_ANALYTICS_SEARCH_PARAMS (SEARCH_ID,NAME,PARAM_ATTRIBUTES,PARAM_TYPE,PARAM_VALUE_STR,PARAM_VALUE_CLOB,TENANT_ID) values (3100,'TA_FUNNEL_WIDGET_SHOW_3D',null,1,'off',null,'&TENANT_ID');
        Insert into EMS_ANALYTICS_SEARCH_PARAMS (SEARCH_ID,NAME,PARAM_ATTRIBUTES,PARAM_TYPE,PARAM_VALUE_STR,PARAM_VALUE_CLOB,TENANT_ID) values (3100,'TA_FUNNEL_WIDGET_SHOW_CALLOUT',null,1,'false',null,'&TENANT_ID');

        Insert into EMS_ANALYTICS_SEARCH_PARAMS (SEARCH_ID,NAME,PARAM_ATTRIBUTES,PARAM_TYPE,PARAM_VALUE_STR,PARAM_VALUE_CLOB,TENANT_ID) values (3100,'TA_FUNNEL_WIDGET_SHOW_KEY_NAME_SELECTION',null,2,null,'["no"]','&TENANT_ID');
        Insert into EMS_ANALYTICS_SEARCH_PARAMS (SEARCH_ID,NAME,PARAM_ATTRIBUTES,PARAM_TYPE,PARAM_VALUE_STR,PARAM_VALUE_CLOB,TENANT_ID) values (3100,'TA_FUNNEL_WIDGET_SHOW_ORIENTATION',null,1,'vertical',null,'&TENANT_ID');
        Insert into EMS_ANALYTICS_SEARCH_PARAMS (SEARCH_ID,NAME,PARAM_ATTRIBUTES,PARAM_TYPE,PARAM_VALUE_STR,PARAM_VALUE_CLOB,TENANT_ID) values (3100,'TA_HISTOGRAM_INSIGHT_OPTION_KEY',null,1,'insights',null,'&TENANT_ID');
        Insert into EMS_ANALYTICS_SEARCH_PARAMS (SEARCH_ID,NAME,PARAM_ATTRIBUTES,PARAM_TYPE,PARAM_VALUE_STR,PARAM_VALUE_CLOB,TENANT_ID) values (3100,'TA_HORI_SORT_COLUMN',null,1,'0',null,'&TENANT_ID');
        Insert into EMS_ANALYTICS_SEARCH_PARAMS (SEARCH_ID,NAME,PARAM_ATTRIBUTES,PARAM_TYPE,PARAM_VALUE_STR,PARAM_VALUE_CLOB,TENANT_ID) values (3100,'TA_HORI_SORT_ORDER',null,1,'true',null,'&TENANT_ID');
        Insert into EMS_ANALYTICS_SEARCH_PARAMS (SEARCH_ID,NAME,PARAM_ATTRIBUTES,PARAM_TYPE,PARAM_VALUE_STR,PARAM_VALUE_CLOB,TENANT_ID) values (3100,'TA_LINECHART_WIDGET_ENABLE_RANKING',null,1,'false',null,'&TENANT_ID');
        Insert into EMS_ANALYTICS_SEARCH_PARAMS (SEARCH_ID,NAME,PARAM_ATTRIBUTES,PARAM_TYPE,PARAM_VALUE_STR,PARAM_VALUE_CLOB,TENANT_ID) values (3100,'TA_LINECHART_WIDGET_TOP_N_CONFIG',null,2,null,'{}','&TENANT_ID');
        Insert into EMS_ANALYTICS_SEARCH_PARAMS (SEARCH_ID,NAME,PARAM_ATTRIBUTES,PARAM_TYPE,PARAM_VALUE_STR,PARAM_VALUE_CLOB,TENANT_ID) values (3100,'TA_LINE_CHART_WIDGET_SHOW_STACKED',null,1,'on',null,'&TENANT_ID');
        Insert into EMS_ANALYTICS_SEARCH_PARAMS (SEARCH_ID,NAME,PARAM_ATTRIBUTES,PARAM_TYPE,PARAM_VALUE_STR,PARAM_VALUE_CLOB,TENANT_ID) values (3100,'TA_QDELINE_TIME_PERIOD_KEY',null,1,'744',null,'&TENANT_ID');
        Insert into EMS_ANALYTICS_SEARCH_PARAMS (SEARCH_ID,NAME,PARAM_ATTRIBUTES,PARAM_TYPE,PARAM_VALUE_STR,PARAM_VALUE_CLOB,TENANT_ID) values (3100,'TA_QDELINE_TIME_SERIES_CALLOUT_OPTION_KEY',null,1,'["no"]',null,'&TENANT_ID');
        Insert into EMS_ANALYTICS_SEARCH_PARAMS (SEARCH_ID,NAME,PARAM_ATTRIBUTES,PARAM_TYPE,PARAM_VALUE_STR,PARAM_VALUE_CLOB,TENANT_ID) values (3100,'TA_QDELINE_TIME_SERIES_ENABLE_CALLOUT_OPTION_KEY',null,1,'["avg","min","max"]',null,'&TENANT_ID');
        Insert into EMS_ANALYTICS_SEARCH_PARAMS (SEARCH_ID,NAME,PARAM_ATTRIBUTES,PARAM_TYPE,PARAM_VALUE_STR,PARAM_VALUE_CLOB,TENANT_ID) values (3100,'TA_STACKEDBAR_WIDGET_CALLOUT',null,1,'none',null,'&TENANT_ID');
        Insert into EMS_ANALYTICS_SEARCH_PARAMS (SEARCH_ID,NAME,PARAM_ATTRIBUTES,PARAM_TYPE,PARAM_VALUE_STR,PARAM_VALUE_CLOB,TENANT_ID) values (3100,'TA_STACKEDBAR_WIDGET_ENABLE_RANKING',null,1,'false',null,'&TENANT_ID');
        Insert into EMS_ANALYTICS_SEARCH_PARAMS (SEARCH_ID,NAME,PARAM_ATTRIBUTES,PARAM_TYPE,PARAM_VALUE_STR,PARAM_VALUE_CLOB,TENANT_ID) values (3100,'TA_STACKEDBAR_WIDGET_KEY_METRICS',null,2,null,'{"keyMetricsNameList":[],"otherKeyMetricsNameList":[]}','&TENANT_ID');
        Insert into EMS_ANALYTICS_SEARCH_PARAMS (SEARCH_ID,NAME,PARAM_ATTRIBUTES,PARAM_TYPE,PARAM_VALUE_STR,PARAM_VALUE_CLOB,TENANT_ID) values (3100,'TA_STACKEDBAR_WIDGET_OTHER_METRICS_CRITERIA',null,2,null,'[]','&TENANT_ID');
        Insert into EMS_ANALYTICS_SEARCH_PARAMS (SEARCH_ID,NAME,PARAM_ATTRIBUTES,PARAM_TYPE,PARAM_VALUE_STR,PARAM_VALUE_CLOB,TENANT_ID) values (3100,'TA_STACKEDBAR_WIDGET_SHARE_SAME_YAXIS',null,1,'false',null,'&TENANT_ID');
        Insert into EMS_ANALYTICS_SEARCH_PARAMS (SEARCH_ID,NAME,PARAM_ATTRIBUTES,PARAM_TYPE,PARAM_VALUE_STR,PARAM_VALUE_CLOB,TENANT_ID) values (3100,'TA_STACKEDBAR_WIDGET_SHOW_CALLOUT',null,1,'false',null,'&TENANT_ID');
        Insert into EMS_ANALYTICS_SEARCH_PARAMS (SEARCH_ID,NAME,PARAM_ATTRIBUTES,PARAM_TYPE,PARAM_VALUE_STR,PARAM_VALUE_CLOB,TENANT_ID) values (3100,'TA_STACKEDBAR_WIDGET_SHOW_KEY_NAME_SELECTION',null,2,null,'["no"]','&TENANT_ID');
        Insert into EMS_ANALYTICS_SEARCH_PARAMS (SEARCH_ID,NAME,PARAM_ATTRIBUTES,PARAM_TYPE,PARAM_VALUE_STR,PARAM_VALUE_CLOB,TENANT_ID) values (3100,'TA_STACKEDBAR_WIDGET_SHOW_STACKED',null,1,'off',null,'&TENANT_ID');
        Insert into EMS_ANALYTICS_SEARCH_PARAMS (SEARCH_ID,NAME,PARAM_ATTRIBUTES,PARAM_TYPE,PARAM_VALUE_STR,PARAM_VALUE_CLOB,TENANT_ID) values (3100,'TA_STACKEDBAR_WIDGET_TILE_SHOW_THRESHOLD',null,1,'false',null,'&TENANT_ID');
        Insert into EMS_ANALYTICS_SEARCH_PARAMS (SEARCH_ID,NAME,PARAM_ATTRIBUTES,PARAM_TYPE,PARAM_VALUE_STR,PARAM_VALUE_CLOB,TENANT_ID) values (3100,'TA_STACKEDBAR_WIDGET_TOP_N_CONFIG',null,2,null,'{}','&TENANT_ID');
        Insert into EMS_ANALYTICS_SEARCH_PARAMS (SEARCH_ID,NAME,PARAM_ATTRIBUTES,PARAM_TYPE,PARAM_VALUE_STR,PARAM_VALUE_CLOB,TENANT_ID) values (3100,'TA_TREEMAP_DISPLAY_OPTION_KEY',null,1,'["insights"]',null,'&TENANT_ID');
        Insert into EMS_ANALYTICS_SEARCH_PARAMS (SEARCH_ID,NAME,PARAM_ATTRIBUTES,PARAM_TYPE,PARAM_VALUE_STR,PARAM_VALUE_CLOB,TENANT_ID) values (3100,'TA_TREEMAP_TOP_N_ROWS',null,1,'5000',null,'&TENANT_ID');
        Insert into EMS_ANALYTICS_SEARCH_PARAMS (SEARCH_ID,NAME,PARAM_ATTRIBUTES,PARAM_TYPE,PARAM_VALUE_STR,PARAM_VALUE_CLOB,TENANT_ID) values (3100,'TA_TREEMAP_WIDGET_ENABLE_RANKING',null,1,'false',null,'&TENANT_ID');
        Insert into EMS_ANALYTICS_SEARCH_PARAMS (SEARCH_ID,NAME,PARAM_ATTRIBUTES,PARAM_TYPE,PARAM_VALUE_STR,PARAM_VALUE_CLOB,TENANT_ID) values (3100,'TA_TREEMAP_WIDGET_TOP_N_CONFIG',null,2,null,'{}','&TENANT_ID');
        Insert into EMS_ANALYTICS_SEARCH_PARAMS (SEARCH_ID,NAME,PARAM_ATTRIBUTES,PARAM_TYPE,PARAM_VALUE_STR,PARAM_VALUE_CLOB,TENANT_ID) values (3100,'TA_WIDGET_CALLOUT',null,1,'none',null,'&TENANT_ID');

        Insert into EMS_ANALYTICS_SEARCH_PARAMS (SEARCH_ID,NAME,PARAM_ATTRIBUTES,PARAM_TYPE,PARAM_VALUE_STR,PARAM_VALUE_CLOB,TENANT_ID) values (3100,'TA_WIDGET_GAUGE_COLOR_VALUE',null,1,'#84bbe6',null,'&TENANT_ID');
        Insert into EMS_ANALYTICS_SEARCH_PARAMS (SEARCH_ID,NAME,PARAM_ATTRIBUTES,PARAM_TYPE,PARAM_VALUE_STR,PARAM_VALUE_CLOB,TENANT_ID) values (3100,'TA_WIDGET_GAUGE_MAX_VALUE',null,1,'100',null,'&TENANT_ID');
        Insert into EMS_ANALYTICS_SEARCH_PARAMS (SEARCH_ID,NAME,PARAM_ATTRIBUTES,PARAM_TYPE,PARAM_VALUE_STR,PARAM_VALUE_CLOB,TENANT_ID) values (3100,'TA_WIDGET_GAUGE_SELECTED_TILE',null,1,'emcta-tile-circular',null,'&TENANT_ID');
        Insert into EMS_ANALYTICS_SEARCH_PARAMS (SEARCH_ID,NAME,PARAM_ATTRIBUTES,PARAM_TYPE,PARAM_VALUE_STR,PARAM_VALUE_CLOB,TENANT_ID) values (3100,'TA_WIDGET_GAUGE_SHOW_SPARK_CHART',null,1,'false',null,'&TENANT_ID');
        Insert into EMS_ANALYTICS_SEARCH_PARAMS (SEARCH_ID,NAME,PARAM_ATTRIBUTES,PARAM_TYPE,PARAM_VALUE_STR,PARAM_VALUE_CLOB,TENANT_ID) values (3100,'TA_WIDGET_LABEL_SELECTED_TILE',null,1,'emcta-tile-label',null,'&TENANT_ID');
        Insert into EMS_ANALYTICS_SEARCH_PARAMS (SEARCH_ID,NAME,PARAM_ATTRIBUTES,PARAM_TYPE,PARAM_VALUE_STR,PARAM_VALUE_CLOB,TENANT_ID) values (3100,'TA_WIDGET_LABEL_SHOW_SPARK_CHART',null,1,'true',null,'&TENANT_ID');
        Insert into EMS_ANALYTICS_SEARCH_PARAMS (SEARCH_ID,NAME,PARAM_ATTRIBUTES,PARAM_TYPE,PARAM_VALUE_STR,PARAM_VALUE_CLOB,TENANT_ID) values (3100,'TA_WIDGET_LINE_CHART_CALLOUT',null,1,'none',null,'&TENANT_ID');
        Insert into EMS_ANALYTICS_SEARCH_PARAMS (SEARCH_ID,NAME,PARAM_ATTRIBUTES,PARAM_TYPE,PARAM_VALUE_STR,PARAM_VALUE_CLOB,TENANT_ID) values (3100,'TA_WIDGET_LINE_CHART_SELECTED_TILE',null,1,'emcta-tile-line',null,'&TENANT_ID');
        Insert into EMS_ANALYTICS_SEARCH_PARAMS (SEARCH_ID,NAME,PARAM_ATTRIBUTES,PARAM_TYPE,PARAM_VALUE_STR,PARAM_VALUE_CLOB,TENANT_ID) values (3100,'TA_WIDGET_LINE_CHART_SHOW_CALLOUT',null,1,'false',null,'&TENANT_ID');
        Insert into EMS_ANALYTICS_SEARCH_PARAMS (SEARCH_ID,NAME,PARAM_ATTRIBUTES,PARAM_TYPE,PARAM_VALUE_STR,PARAM_VALUE_CLOB,TENANT_ID) values (3100,'TA_WIDGET_LINE_CHART_SHOW_STACKED',null,1,'on',null,'&TENANT_ID');
        Insert into EMS_ANALYTICS_SEARCH_PARAMS (SEARCH_ID,NAME,PARAM_ATTRIBUTES,PARAM_TYPE,PARAM_VALUE_STR,PARAM_VALUE_CLOB,TENANT_ID) values (3100,'TA_WIDGET_LINE_CHART_TILE_SHOW_THRESHOLD',null,1,'false',null,'&TENANT_ID');
        Insert into EMS_ANALYTICS_SEARCH_PARAMS (SEARCH_ID,NAME,PARAM_ATTRIBUTES,PARAM_TYPE,PARAM_VALUE_STR,PARAM_VALUE_CLOB,TENANT_ID) values (3100,'TA_WIDGET_METRIC_TABLE_CALLOUT',null,1,'none',null,'&TENANT_ID');
        Insert into EMS_ANALYTICS_SEARCH_PARAMS (SEARCH_ID,NAME,PARAM_ATTRIBUTES,PARAM_TYPE,PARAM_VALUE_STR,PARAM_VALUE_CLOB,TENANT_ID) values (3100,'TA_WIDGET_METRIC_TABLE_SHOW_CALLOUT',null,1,'false',null,'&TENANT_ID');

        Insert into EMS_ANALYTICS_SEARCH_PARAMS (SEARCH_ID,NAME,PARAM_ATTRIBUTES,PARAM_TYPE,PARAM_VALUE_STR,PARAM_VALUE_CLOB,TENANT_ID) values (3100,'TA_WIDGET_SELECTED_TILE',null,1,'emcta-tile-label',null,'&TENANT_ID');
        Insert into EMS_ANALYTICS_SEARCH_PARAMS (SEARCH_ID,NAME,PARAM_ATTRIBUTES,PARAM_TYPE,PARAM_VALUE_STR,PARAM_VALUE_CLOB,TENANT_ID) values (3100,'TA_WIDGET_SHOW_CALLOUT',null,1,'false',null,'&TENANT_ID');
        Insert into EMS_ANALYTICS_SEARCH_PARAMS (SEARCH_ID,NAME,PARAM_ATTRIBUTES,PARAM_TYPE,PARAM_VALUE_STR,PARAM_VALUE_CLOB,TENANT_ID) values (3100,'TA_WIDGET_SHOW_PERCENT_CHANGE',null,1,'true',null,'&TENANT_ID');
        Insert into EMS_ANALYTICS_SEARCH_PARAMS (SEARCH_ID,NAME,PARAM_ATTRIBUTES,PARAM_TYPE,PARAM_VALUE_STR,PARAM_VALUE_CLOB,TENANT_ID) values (3100,'TA_WIDGET_SHOW_SPARK_CHART',null,1,'false',null,'&TENANT_ID');
        Insert into EMS_ANALYTICS_SEARCH_PARAMS (SEARCH_ID,NAME,PARAM_ATTRIBUTES,PARAM_TYPE,PARAM_VALUE_STR,PARAM_VALUE_CLOB,TENANT_ID) values (3100,'TA_WIDGET_TILE_SHOW_THRESHOLD',null,1,'false',null,'&TENANT_ID');
        Insert into EMS_ANALYTICS_SEARCH_PARAMS (SEARCH_ID,NAME,PARAM_ATTRIBUTES,PARAM_TYPE,PARAM_VALUE_STR,PARAM_VALUE_CLOB,TENANT_ID) values (3100,'TIME_SERIES_AREA_CALLOUT_OPTION_KEY',null,1,'["avg","min","max"]',null,'&TENANT_ID');
        Insert into EMS_ANALYTICS_SEARCH_PARAMS (SEARCH_ID,NAME,PARAM_ATTRIBUTES,PARAM_TYPE,PARAM_VALUE_STR,PARAM_VALUE_CLOB,TENANT_ID) values (3100,'TIME_SERIES_AREA_DISPLAY_OPTION_KEY',null,1,'["insights"]',null,'&TENANT_ID');
        Insert into EMS_ANALYTICS_SEARCH_PARAMS (SEARCH_ID,NAME,PARAM_ATTRIBUTES,PARAM_TYPE,PARAM_VALUE_STR,PARAM_VALUE_CLOB,TENANT_ID) values (3100,'TIME_SERIES_AREA_ENABLE_CALLOUT_OPTION_KEY',null,1,'["no"]',null,'&TENANT_ID');
        Insert into EMS_ANALYTICS_SEARCH_PARAMS (SEARCH_ID,NAME,PARAM_ATTRIBUTES,PARAM_TYPE,PARAM_VALUE_STR,PARAM_VALUE_CLOB,TENANT_ID) values (3100,'TIME_SERIES_AREA_TIME_PERIOD_KEY',null,1,'744',null,'&TENANT_ID');
        Insert into EMS_ANALYTICS_SEARCH_PARAMS (SEARCH_ID,NAME,PARAM_ATTRIBUTES,PARAM_TYPE,PARAM_VALUE_STR,PARAM_VALUE_CLOB,TENANT_ID) values (3100,'TIME_SERIES_AREA_WIDGET_ENABLE_RANKING',null,1,'true',null,'&TENANT_ID');
        Insert into EMS_ANALYTICS_SEARCH_PARAMS (SEARCH_ID,NAME,PARAM_ATTRIBUTES,PARAM_TYPE,PARAM_VALUE_STR,PARAM_VALUE_CLOB,TENANT_ID) values (3100,'TIME_SERIES_AREA_WIDGET_TOP_N_CONFIG',null,2,null,'{}','&TENANT_ID');
        Insert into EMS_ANALYTICS_SEARCH_PARAMS (SEARCH_ID,NAME,PARAM_ATTRIBUTES,PARAM_TYPE,PARAM_VALUE_STR,PARAM_VALUE_CLOB,TENANT_ID) values (3100,'TIME_SERIES_CALLOUT_OPTION_KEY',null,1,'["avg","min","max"]',null,'&TENANT_ID');
        Insert into EMS_ANALYTICS_SEARCH_PARAMS (SEARCH_ID,NAME,PARAM_ATTRIBUTES,PARAM_TYPE,PARAM_VALUE_STR,PARAM_VALUE_CLOB,TENANT_ID) values (3100,'TIME_SERIES_DISPLAY_OPTION_KEY',null,1,'["insights"]',null,'&TENANT_ID');

        Insert into EMS_ANALYTICS_SEARCH_PARAMS (SEARCH_ID,NAME,PARAM_ATTRIBUTES,PARAM_TYPE,PARAM_VALUE_STR,PARAM_VALUE_CLOB,TENANT_ID) values (3100,'TIME_SERIES_ENABLE_CALLOUT_OPTION_KEY',null,1,'["no"]',null,'&TENANT_ID');
        Insert into EMS_ANALYTICS_SEARCH_PARAMS (SEARCH_ID,NAME,PARAM_ATTRIBUTES,PARAM_TYPE,PARAM_VALUE_STR,PARAM_VALUE_CLOB,TENANT_ID) values (3100,'TIME_SERIES_REFERENCE_LINE_NAME_KEY',null,1,'""',null,'&TENANT_ID');
        Insert into EMS_ANALYTICS_SEARCH_PARAMS (SEARCH_ID,NAME,PARAM_ATTRIBUTES,PARAM_TYPE,PARAM_VALUE_STR,PARAM_VALUE_CLOB,TENANT_ID) values (3100,'TIME_SERIES_REFERENCE_LINE_OPTION_KEY',null,1,'"nameValue"',null,'&TENANT_ID');
        Insert into EMS_ANALYTICS_SEARCH_PARAMS (SEARCH_ID,NAME,PARAM_ATTRIBUTES,PARAM_TYPE,PARAM_VALUE_STR,PARAM_VALUE_CLOB,TENANT_ID) values (3100,'TIME_SERIES_REFERENCE_LINE_VALUE_KEY',null,1,null,null,'&TENANT_ID');
        Insert into EMS_ANALYTICS_SEARCH_PARAMS (SEARCH_ID,NAME,PARAM_ATTRIBUTES,PARAM_TYPE,PARAM_VALUE_STR,PARAM_VALUE_CLOB,TENANT_ID) values (3100,'TIME_SERIES_TIME_PERIOD_KEY',null,1,'744',null,'&TENANT_ID');
        Insert into EMS_ANALYTICS_SEARCH_PARAMS (SEARCH_ID,NAME,PARAM_ATTRIBUTES,PARAM_TYPE,PARAM_VALUE_STR,PARAM_VALUE_CLOB,TENANT_ID) values (3100,'TOP_N_ROWS',null,1,'50',null,'&TENANT_ID');
        Insert into EMS_ANALYTICS_SEARCH_PARAMS (SEARCH_ID,NAME,PARAM_ATTRIBUTES,PARAM_TYPE,PARAM_VALUE_STR,PARAM_VALUE_CLOB,TENANT_ID) values (3100,'VISUALIZATION_TYPE_KEY',null,1,'LINE',null,'&TENANT_ID');
        Insert into EMS_ANALYTICS_SEARCH_PARAMS (SEARCH_ID,NAME,PARAM_ATTRIBUTES,PARAM_TYPE,PARAM_VALUE_STR,PARAM_VALUE_CLOB,TENANT_ID) values (3100,'WIDGET_ICON',null,1,'/../images/func_horibargraph_24_ena.png',null,'&TENANT_ID');
        Insert into EMS_ANALYTICS_SEARCH_PARAMS (SEARCH_ID,NAME,PARAM_ATTRIBUTES,PARAM_TYPE,PARAM_VALUE_STR,PARAM_VALUE_CLOB,TENANT_ID) values (3100,'WIDGET_KOC_NAME',null,1,'emcta-visualization',null,'&TENANT_ID');
        Insert into EMS_ANALYTICS_SEARCH_PARAMS (SEARCH_ID,NAME,PARAM_ATTRIBUTES,PARAM_TYPE,PARAM_VALUE_STR,PARAM_VALUE_CLOB,TENANT_ID) values (3100,'WIDGET_SOURCE',null,1,'1',null,'&TENANT_ID');
        Insert into EMS_ANALYTICS_SEARCH_PARAMS (SEARCH_ID,NAME,PARAM_ATTRIBUTES,PARAM_TYPE,PARAM_VALUE_STR,PARAM_VALUE_CLOB,TENANT_ID) values (3100,'WIDGET_TEMPLATE',null,1,'/widget/visualizationWidget/visualizationWidget.html',null,'&TENANT_ID');
        Insert into EMS_ANALYTICS_SEARCH_PARAMS (SEARCH_ID,NAME,PARAM_ATTRIBUTES,PARAM_TYPE,PARAM_VALUE_STR,PARAM_VALUE_CLOB,TENANT_ID) values (3100,'WIDGET_VIEWMODEL',null,1,'/widget/visualizationWidget/js/VisualizationWidget.js',null,'&TENANT_ID');

        Insert into EMS_ANALYTICS_SEARCH_PARAMS (SEARCH_ID,NAME,PARAM_ATTRIBUTES,PARAM_TYPE,PARAM_VALUE_STR,PARAM_VALUE_CLOB,TENANT_ID) values (3100,'DASHBOARD_INELIGIBLE',null,1,'1',null,'&TENANT_ID');
        
        insert into EMS_ANALYTICS_LAST_ACCESS(OBJECT_ID,ACCESSED_BY,OBJECT_TYPE,ACCESS_DATE,TENANT_ID) values (3100,'ORACLE',2,SYS_EXTRACT_UTC(SYSTIMESTAMP),'&TENANT_ID');        

        DBMS_OUTPUT.PUT_LINE('OOB widget (id=3100) is added');  
    ELSE
      DBMS_OUTPUT.PUT_LINE('OOB widget (id=3100) exists, no need to add again');  
    END IF;
    
    SELECT COUNT(1) INTO v_count FROM EMS_ANALYTICS_SEARCH WHERE search_id=3101 AND TENANT_ID  ='&TENANT_ID';
    IF (v_count=0) THEN
        Insert into EMS_ANALYTICS_SEARCH
        (SEARCH_ID,NAME,OWNER,CREATION_DATE,LAST_MODIFICATION_DATE,LAST_MODIFIED_BY,DESCRIPTION,FOLDER_ID,CATEGORY_ID,NAME_NLSID,NAME_SUBSYSTEM,DESCRIPTION_NLSID,DESCRIPTION_SUBSYSTEM,SYSTEM_SEARCH,EM_PLUGIN_ID,IS_LOCKED,METADATA_CLOB,SEARCH_DISPLAY_STR,UI_HIDDEN,TENANT_ID,IS_WIDGET)
        values (3101,'weblogic_ec_16','ORACLE',SYS_EXTRACT_UTC(SYSTIMESTAMP),SYS_EXTRACT_UTC(SYSTIMESTAMP),'ORACLE',NULL,4,2,null,null,null,null,1,null,0,null,'',0,'&TENANT_ID',1);
        Insert into EMS_ANALYTICS_SEARCH_PARAMS (SEARCH_ID,NAME,PARAM_ATTRIBUTES,PARAM_TYPE,PARAM_VALUE_STR,PARAM_VALUE_CLOB,TENANT_ID) values (3101,'PROVIDER_ASSET_ROOT',null,1,'assetRoot',null,'&TENANT_ID');
        Insert into EMS_ANALYTICS_SEARCH_PARAMS (SEARCH_ID,NAME,PARAM_ATTRIBUTES,PARAM_TYPE,PARAM_VALUE_STR,PARAM_VALUE_CLOB,TENANT_ID) values (3101,'PROVIDER_NAME',null,1,'TargetAnalytics',null,'&TENANT_ID');
        Insert into EMS_ANALYTICS_SEARCH_PARAMS (SEARCH_ID,NAME,PARAM_ATTRIBUTES,PARAM_TYPE,PARAM_VALUE_STR,PARAM_VALUE_CLOB,TENANT_ID) values (3101,'PROVIDER_VERSION',null,1,'1.1',null,'&TENANT_ID');
        Insert into EMS_ANALYTICS_SEARCH_PARAMS (SEARCH_ID,NAME,PARAM_ATTRIBUTES,PARAM_TYPE,PARAM_VALUE_STR,PARAM_VALUE_CLOB,TENANT_ID) values (3101,'SELECTED_TIME_RANGE',null,1,'[1461652739953,1461739139953]',null,'&TENANT_ID');
        Insert into EMS_ANALYTICS_SEARCH_PARAMS (SEARCH_ID,NAME,PARAM_ATTRIBUTES,PARAM_TYPE,PARAM_VALUE_STR,PARAM_VALUE_CLOB,TENANT_ID) values (3101,'TA_CORRELATION_TIME_PERIOD_KEY',null,1,'744',null,'&TENANT_ID');
        Insert into EMS_ANALYTICS_SEARCH_PARAMS (SEARCH_ID,NAME,PARAM_ATTRIBUTES,PARAM_TYPE,PARAM_VALUE_STR,PARAM_VALUE_CLOB,TENANT_ID) values (3101,'TA_CRITERIA',null,2,null,'{"version":0.5,"criteria":[{"jsonConstructor":"TargetNameSearchCriterion","data":{"_id":"target_name","_value":{"jsonConstructor":"CriterionExpression","data":{"type":"or","values":[{"jsonConstructor":"CriterionExpression","data":{"type":"like","values":{"jsonConstructor":"CriterionValue","data":{"value":"%weblogic%"}}}}]}},"dataType":"string","_displayName":"Target Name","displayDetails":null,"role":"filter","func":null,"UIProperties":{},"measures":[{"name":"DISPLAYNAME","displayName":"Target Name","description":"User friendly name for the Target","dimensionName":"","dataType":1,"disableGroupBy":false,"precision":256,"scale":0,"hide":0}]}},{"jsonConstructor":"TargetTypeSearchCriterion","data":{"_id":"target_type","_value":{"jsonConstructor":"CriterionExpression","data":{"type":"in","values":[{"jsonConstructor":"CriterionValue","data":{"value":"weblogic_j2eeserver","metadata":{"category":false},"displayValue":"Oracle WebLogic Server"}}]}},"dataType":"string","_displayName":"Target Type","displayDetails":null,"role":"filter","func":null,"UIProperties":{}}},{"jsonConstructor":"MetricGroupSearchCriterion","data":{"_id":"weblogic_j2eeserver_ServerServletJsp_service.Time_","_value":null,"dataType":"number","_displayName":"Request Processing Time (ms)","displayDetails":"Server Servlet/JSP Metrics","role":"y-axis ","func":"mean","UIProperties":{},"targetType":"weblogic_j2eeserver","unitStr":"ms","mcName":"service.Time","mgName":"ServerServletJsp","mgDisplayName":"Server Servlet/JSP Metrics","isKey":false,"groupKeyColumns":[],"measures":[],"isConfig":false,"isCurated":true}}]}','&TENANT_ID');
        Insert into EMS_ANALYTICS_SEARCH_PARAMS (SEARCH_ID,NAME,PARAM_ATTRIBUTES,PARAM_TYPE,PARAM_VALUE_STR,PARAM_VALUE_CLOB,TENANT_ID) values (3101,'TA_DONUT_WIDGET_ENABLE_RANKING',null,1,'false',null,'&TENANT_ID');
        Insert into EMS_ANALYTICS_SEARCH_PARAMS (SEARCH_ID,NAME,PARAM_ATTRIBUTES,PARAM_TYPE,PARAM_VALUE_STR,PARAM_VALUE_CLOB,TENANT_ID) values (3101,'TA_DONUT_WIDGET_TOP_N_CONFIG',null,2,null,'{}','&TENANT_ID');
        Insert into EMS_ANALYTICS_SEARCH_PARAMS (SEARCH_ID,NAME,PARAM_ATTRIBUTES,PARAM_TYPE,PARAM_VALUE_STR,PARAM_VALUE_CLOB,TENANT_ID) values (3101,'TA_FUNNEL_WIDGET_CALLOUT',null,1,'none',null,'&TENANT_ID');
        Insert into EMS_ANALYTICS_SEARCH_PARAMS (SEARCH_ID,NAME,PARAM_ATTRIBUTES,PARAM_TYPE,PARAM_VALUE_STR,PARAM_VALUE_CLOB,TENANT_ID) values (3101,'TA_FUNNEL_WIDGET_KEY_METRICS',null,2,null,'{"keyMetricsNameList":[],"otherKeyMetricsNameList":[]}','&TENANT_ID');
        Insert into EMS_ANALYTICS_SEARCH_PARAMS (SEARCH_ID,NAME,PARAM_ATTRIBUTES,PARAM_TYPE,PARAM_VALUE_STR,PARAM_VALUE_CLOB,TENANT_ID) values (3101,'TA_FUNNEL_WIDGET_OTHER_METRICS_CRITERIA',null,2,null,'[]','&TENANT_ID');
        Insert into EMS_ANALYTICS_SEARCH_PARAMS (SEARCH_ID,NAME,PARAM_ATTRIBUTES,PARAM_TYPE,PARAM_VALUE_STR,PARAM_VALUE_CLOB,TENANT_ID) values (3101,'TA_FUNNEL_WIDGET_SHOW_3D',null,1,'off',null,'&TENANT_ID');
        Insert into EMS_ANALYTICS_SEARCH_PARAMS (SEARCH_ID,NAME,PARAM_ATTRIBUTES,PARAM_TYPE,PARAM_VALUE_STR,PARAM_VALUE_CLOB,TENANT_ID) values (3101,'TA_FUNNEL_WIDGET_SHOW_CALLOUT',null,1,'false',null,'&TENANT_ID');

        Insert into EMS_ANALYTICS_SEARCH_PARAMS (SEARCH_ID,NAME,PARAM_ATTRIBUTES,PARAM_TYPE,PARAM_VALUE_STR,PARAM_VALUE_CLOB,TENANT_ID) values (3101,'TA_FUNNEL_WIDGET_SHOW_KEY_NAME_SELECTION',null,2,null,'["no"]','&TENANT_ID');
        Insert into EMS_ANALYTICS_SEARCH_PARAMS (SEARCH_ID,NAME,PARAM_ATTRIBUTES,PARAM_TYPE,PARAM_VALUE_STR,PARAM_VALUE_CLOB,TENANT_ID) values (3101,'TA_FUNNEL_WIDGET_SHOW_ORIENTATION',null,1,'vertical',null,'&TENANT_ID');
        Insert into EMS_ANALYTICS_SEARCH_PARAMS (SEARCH_ID,NAME,PARAM_ATTRIBUTES,PARAM_TYPE,PARAM_VALUE_STR,PARAM_VALUE_CLOB,TENANT_ID) values (3101,'TA_HISTOGRAM_INSIGHT_OPTION_KEY',null,1,'insights',null,'&TENANT_ID');
        Insert into EMS_ANALYTICS_SEARCH_PARAMS (SEARCH_ID,NAME,PARAM_ATTRIBUTES,PARAM_TYPE,PARAM_VALUE_STR,PARAM_VALUE_CLOB,TENANT_ID) values (3101,'TA_HORI_SORT_COLUMN',null,1,'0',null,'&TENANT_ID');
        Insert into EMS_ANALYTICS_SEARCH_PARAMS (SEARCH_ID,NAME,PARAM_ATTRIBUTES,PARAM_TYPE,PARAM_VALUE_STR,PARAM_VALUE_CLOB,TENANT_ID) values (3101,'TA_HORI_SORT_ORDER',null,1,'true',null,'&TENANT_ID');
        Insert into EMS_ANALYTICS_SEARCH_PARAMS (SEARCH_ID,NAME,PARAM_ATTRIBUTES,PARAM_TYPE,PARAM_VALUE_STR,PARAM_VALUE_CLOB,TENANT_ID) values (3101,'TA_LINECHART_WIDGET_ENABLE_RANKING',null,1,'false',null,'&TENANT_ID');
        Insert into EMS_ANALYTICS_SEARCH_PARAMS (SEARCH_ID,NAME,PARAM_ATTRIBUTES,PARAM_TYPE,PARAM_VALUE_STR,PARAM_VALUE_CLOB,TENANT_ID) values (3101,'TA_LINECHART_WIDGET_TOP_N_CONFIG',null,2,null,'{}','&TENANT_ID');
        Insert into EMS_ANALYTICS_SEARCH_PARAMS (SEARCH_ID,NAME,PARAM_ATTRIBUTES,PARAM_TYPE,PARAM_VALUE_STR,PARAM_VALUE_CLOB,TENANT_ID) values (3101,'TA_LINE_CHART_WIDGET_SHOW_STACKED',null,1,'on',null,'&TENANT_ID');
        Insert into EMS_ANALYTICS_SEARCH_PARAMS (SEARCH_ID,NAME,PARAM_ATTRIBUTES,PARAM_TYPE,PARAM_VALUE_STR,PARAM_VALUE_CLOB,TENANT_ID) values (3101,'TA_QDELINE_TIME_PERIOD_KEY',null,1,'744',null,'&TENANT_ID');
        Insert into EMS_ANALYTICS_SEARCH_PARAMS (SEARCH_ID,NAME,PARAM_ATTRIBUTES,PARAM_TYPE,PARAM_VALUE_STR,PARAM_VALUE_CLOB,TENANT_ID) values (3101,'TA_QDELINE_TIME_SERIES_CALLOUT_OPTION_KEY',null,1,'["no"]',null,'&TENANT_ID');
        Insert into EMS_ANALYTICS_SEARCH_PARAMS (SEARCH_ID,NAME,PARAM_ATTRIBUTES,PARAM_TYPE,PARAM_VALUE_STR,PARAM_VALUE_CLOB,TENANT_ID) values (3101,'TA_QDELINE_TIME_SERIES_ENABLE_CALLOUT_OPTION_KEY',null,1,'["avg","min","max"]',null,'&TENANT_ID');
        Insert into EMS_ANALYTICS_SEARCH_PARAMS (SEARCH_ID,NAME,PARAM_ATTRIBUTES,PARAM_TYPE,PARAM_VALUE_STR,PARAM_VALUE_CLOB,TENANT_ID) values (3101,'TA_STACKEDBAR_WIDGET_CALLOUT',null,1,'none',null,'&TENANT_ID');
        Insert into EMS_ANALYTICS_SEARCH_PARAMS (SEARCH_ID,NAME,PARAM_ATTRIBUTES,PARAM_TYPE,PARAM_VALUE_STR,PARAM_VALUE_CLOB,TENANT_ID) values (3101,'TA_STACKEDBAR_WIDGET_ENABLE_RANKING',null,1,'false',null,'&TENANT_ID');

        Insert into EMS_ANALYTICS_SEARCH_PARAMS (SEARCH_ID,NAME,PARAM_ATTRIBUTES,PARAM_TYPE,PARAM_VALUE_STR,PARAM_VALUE_CLOB,TENANT_ID) values (3101,'TA_STACKEDBAR_WIDGET_KEY_METRICS',null,2,null,'{"keyMetricsNameList":[],"otherKeyMetricsNameList":[]}','&TENANT_ID');
        Insert into EMS_ANALYTICS_SEARCH_PARAMS (SEARCH_ID,NAME,PARAM_ATTRIBUTES,PARAM_TYPE,PARAM_VALUE_STR,PARAM_VALUE_CLOB,TENANT_ID) values (3101,'TA_STACKEDBAR_WIDGET_OTHER_METRICS_CRITERIA',null,2,null,'[]','&TENANT_ID');
        Insert into EMS_ANALYTICS_SEARCH_PARAMS (SEARCH_ID,NAME,PARAM_ATTRIBUTES,PARAM_TYPE,PARAM_VALUE_STR,PARAM_VALUE_CLOB,TENANT_ID) values (3101,'TA_STACKEDBAR_WIDGET_SHARE_SAME_YAXIS',null,1,'false',null,'&TENANT_ID');
        Insert into EMS_ANALYTICS_SEARCH_PARAMS (SEARCH_ID,NAME,PARAM_ATTRIBUTES,PARAM_TYPE,PARAM_VALUE_STR,PARAM_VALUE_CLOB,TENANT_ID) values (3101,'TA_STACKEDBAR_WIDGET_SHOW_CALLOUT',null,1,'false',null,'&TENANT_ID');
        Insert into EMS_ANALYTICS_SEARCH_PARAMS (SEARCH_ID,NAME,PARAM_ATTRIBUTES,PARAM_TYPE,PARAM_VALUE_STR,PARAM_VALUE_CLOB,TENANT_ID) values (3101,'TA_STACKEDBAR_WIDGET_SHOW_KEY_NAME_SELECTION',null,2,null,'["no"]','&TENANT_ID');
        Insert into EMS_ANALYTICS_SEARCH_PARAMS (SEARCH_ID,NAME,PARAM_ATTRIBUTES,PARAM_TYPE,PARAM_VALUE_STR,PARAM_VALUE_CLOB,TENANT_ID) values (3101,'TA_STACKEDBAR_WIDGET_SHOW_STACKED',null,1,'off',null,'&TENANT_ID');
        Insert into EMS_ANALYTICS_SEARCH_PARAMS (SEARCH_ID,NAME,PARAM_ATTRIBUTES,PARAM_TYPE,PARAM_VALUE_STR,PARAM_VALUE_CLOB,TENANT_ID) values (3101,'TA_STACKEDBAR_WIDGET_TILE_SHOW_THRESHOLD',null,1,'false',null,'&TENANT_ID');
        Insert into EMS_ANALYTICS_SEARCH_PARAMS (SEARCH_ID,NAME,PARAM_ATTRIBUTES,PARAM_TYPE,PARAM_VALUE_STR,PARAM_VALUE_CLOB,TENANT_ID) values (3101,'TA_STACKEDBAR_WIDGET_TOP_N_CONFIG',null,2,null,'{}','&TENANT_ID');
        Insert into EMS_ANALYTICS_SEARCH_PARAMS (SEARCH_ID,NAME,PARAM_ATTRIBUTES,PARAM_TYPE,PARAM_VALUE_STR,PARAM_VALUE_CLOB,TENANT_ID) values (3101,'TA_TREEMAP_DISPLAY_OPTION_KEY',null,1,'["insights"]',null,'&TENANT_ID');
        Insert into EMS_ANALYTICS_SEARCH_PARAMS (SEARCH_ID,NAME,PARAM_ATTRIBUTES,PARAM_TYPE,PARAM_VALUE_STR,PARAM_VALUE_CLOB,TENANT_ID) values (3101,'TA_TREEMAP_TOP_N_ROWS',null,1,'5000',null,'&TENANT_ID');
        Insert into EMS_ANALYTICS_SEARCH_PARAMS (SEARCH_ID,NAME,PARAM_ATTRIBUTES,PARAM_TYPE,PARAM_VALUE_STR,PARAM_VALUE_CLOB,TENANT_ID) values (3101,'TA_TREEMAP_WIDGET_ENABLE_RANKING',null,1,'false',null,'&TENANT_ID');
        Insert into EMS_ANALYTICS_SEARCH_PARAMS (SEARCH_ID,NAME,PARAM_ATTRIBUTES,PARAM_TYPE,PARAM_VALUE_STR,PARAM_VALUE_CLOB,TENANT_ID) values (3101,'TA_TREEMAP_WIDGET_TOP_N_CONFIG',null,2,null,'{}','&TENANT_ID');
        Insert into EMS_ANALYTICS_SEARCH_PARAMS (SEARCH_ID,NAME,PARAM_ATTRIBUTES,PARAM_TYPE,PARAM_VALUE_STR,PARAM_VALUE_CLOB,TENANT_ID) values (3101,'TA_WIDGET_CALLOUT',null,1,'none',null,'&TENANT_ID');

        Insert into EMS_ANALYTICS_SEARCH_PARAMS (SEARCH_ID,NAME,PARAM_ATTRIBUTES,PARAM_TYPE,PARAM_VALUE_STR,PARAM_VALUE_CLOB,TENANT_ID) values (3101,'TA_WIDGET_GAUGE_COLOR_VALUE',null,1,'#84bbe6',null,'&TENANT_ID');
        Insert into EMS_ANALYTICS_SEARCH_PARAMS (SEARCH_ID,NAME,PARAM_ATTRIBUTES,PARAM_TYPE,PARAM_VALUE_STR,PARAM_VALUE_CLOB,TENANT_ID) values (3101,'TA_WIDGET_GAUGE_MAX_VALUE',null,1,'100',null,'&TENANT_ID');
        Insert into EMS_ANALYTICS_SEARCH_PARAMS (SEARCH_ID,NAME,PARAM_ATTRIBUTES,PARAM_TYPE,PARAM_VALUE_STR,PARAM_VALUE_CLOB,TENANT_ID) values (3101,'TA_WIDGET_GAUGE_SELECTED_TILE',null,1,'emcta-tile-circular',null,'&TENANT_ID');
        Insert into EMS_ANALYTICS_SEARCH_PARAMS (SEARCH_ID,NAME,PARAM_ATTRIBUTES,PARAM_TYPE,PARAM_VALUE_STR,PARAM_VALUE_CLOB,TENANT_ID) values (3101,'TA_WIDGET_GAUGE_SHOW_SPARK_CHART',null,1,'false',null,'&TENANT_ID');
        Insert into EMS_ANALYTICS_SEARCH_PARAMS (SEARCH_ID,NAME,PARAM_ATTRIBUTES,PARAM_TYPE,PARAM_VALUE_STR,PARAM_VALUE_CLOB,TENANT_ID) values (3101,'TA_WIDGET_LABEL_SELECTED_TILE',null,1,'emcta-tile-label',null,'&TENANT_ID');
        Insert into EMS_ANALYTICS_SEARCH_PARAMS (SEARCH_ID,NAME,PARAM_ATTRIBUTES,PARAM_TYPE,PARAM_VALUE_STR,PARAM_VALUE_CLOB,TENANT_ID) values (3101,'TA_WIDGET_LABEL_SHOW_SPARK_CHART',null,1,'true',null,'&TENANT_ID');
        Insert into EMS_ANALYTICS_SEARCH_PARAMS (SEARCH_ID,NAME,PARAM_ATTRIBUTES,PARAM_TYPE,PARAM_VALUE_STR,PARAM_VALUE_CLOB,TENANT_ID) values (3101,'TA_WIDGET_LINE_CHART_CALLOUT',null,1,'none',null,'&TENANT_ID');
        Insert into EMS_ANALYTICS_SEARCH_PARAMS (SEARCH_ID,NAME,PARAM_ATTRIBUTES,PARAM_TYPE,PARAM_VALUE_STR,PARAM_VALUE_CLOB,TENANT_ID) values (3101,'TA_WIDGET_LINE_CHART_SELECTED_TILE',null,1,'emcta-tile-line',null,'&TENANT_ID');
        Insert into EMS_ANALYTICS_SEARCH_PARAMS (SEARCH_ID,NAME,PARAM_ATTRIBUTES,PARAM_TYPE,PARAM_VALUE_STR,PARAM_VALUE_CLOB,TENANT_ID) values (3101,'TA_WIDGET_LINE_CHART_SHOW_CALLOUT',null,1,'false',null,'&TENANT_ID');
        Insert into EMS_ANALYTICS_SEARCH_PARAMS (SEARCH_ID,NAME,PARAM_ATTRIBUTES,PARAM_TYPE,PARAM_VALUE_STR,PARAM_VALUE_CLOB,TENANT_ID) values (3101,'TA_WIDGET_LINE_CHART_SHOW_STACKED',null,1,'on',null,'&TENANT_ID');
        Insert into EMS_ANALYTICS_SEARCH_PARAMS (SEARCH_ID,NAME,PARAM_ATTRIBUTES,PARAM_TYPE,PARAM_VALUE_STR,PARAM_VALUE_CLOB,TENANT_ID) values (3101,'TA_WIDGET_LINE_CHART_TILE_SHOW_THRESHOLD',null,1,'false',null,'&TENANT_ID');
        Insert into EMS_ANALYTICS_SEARCH_PARAMS (SEARCH_ID,NAME,PARAM_ATTRIBUTES,PARAM_TYPE,PARAM_VALUE_STR,PARAM_VALUE_CLOB,TENANT_ID) values (3101,'TA_WIDGET_METRIC_TABLE_CALLOUT',null,1,'none',null,'&TENANT_ID');
        Insert into EMS_ANALYTICS_SEARCH_PARAMS (SEARCH_ID,NAME,PARAM_ATTRIBUTES,PARAM_TYPE,PARAM_VALUE_STR,PARAM_VALUE_CLOB,TENANT_ID) values (3101,'TA_WIDGET_METRIC_TABLE_SHOW_CALLOUT',null,1,'false',null,'&TENANT_ID');

        Insert into EMS_ANALYTICS_SEARCH_PARAMS (SEARCH_ID,NAME,PARAM_ATTRIBUTES,PARAM_TYPE,PARAM_VALUE_STR,PARAM_VALUE_CLOB,TENANT_ID) values (3101,'TA_WIDGET_SELECTED_TILE',null,1,'emcta-tile-label',null,'&TENANT_ID');
        Insert into EMS_ANALYTICS_SEARCH_PARAMS (SEARCH_ID,NAME,PARAM_ATTRIBUTES,PARAM_TYPE,PARAM_VALUE_STR,PARAM_VALUE_CLOB,TENANT_ID) values (3101,'TA_WIDGET_SHOW_CALLOUT',null,1,'false',null,'&TENANT_ID');
        Insert into EMS_ANALYTICS_SEARCH_PARAMS (SEARCH_ID,NAME,PARAM_ATTRIBUTES,PARAM_TYPE,PARAM_VALUE_STR,PARAM_VALUE_CLOB,TENANT_ID) values (3101,'TA_WIDGET_SHOW_PERCENT_CHANGE',null,1,'true',null,'&TENANT_ID');
        Insert into EMS_ANALYTICS_SEARCH_PARAMS (SEARCH_ID,NAME,PARAM_ATTRIBUTES,PARAM_TYPE,PARAM_VALUE_STR,PARAM_VALUE_CLOB,TENANT_ID) values (3101,'TA_WIDGET_SHOW_SPARK_CHART',null,1,'false',null,'&TENANT_ID');
        Insert into EMS_ANALYTICS_SEARCH_PARAMS (SEARCH_ID,NAME,PARAM_ATTRIBUTES,PARAM_TYPE,PARAM_VALUE_STR,PARAM_VALUE_CLOB,TENANT_ID) values (3101,'TA_WIDGET_TILE_SHOW_THRESHOLD',null,1,'false',null,'&TENANT_ID');
        Insert into EMS_ANALYTICS_SEARCH_PARAMS (SEARCH_ID,NAME,PARAM_ATTRIBUTES,PARAM_TYPE,PARAM_VALUE_STR,PARAM_VALUE_CLOB,TENANT_ID) values (3101,'TIME_SERIES_AREA_CALLOUT_OPTION_KEY',null,1,'["avg","min","max"]',null,'&TENANT_ID');
        Insert into EMS_ANALYTICS_SEARCH_PARAMS (SEARCH_ID,NAME,PARAM_ATTRIBUTES,PARAM_TYPE,PARAM_VALUE_STR,PARAM_VALUE_CLOB,TENANT_ID) values (3101,'TIME_SERIES_AREA_DISPLAY_OPTION_KEY',null,1,'["insights"]',null,'&TENANT_ID');
        Insert into EMS_ANALYTICS_SEARCH_PARAMS (SEARCH_ID,NAME,PARAM_ATTRIBUTES,PARAM_TYPE,PARAM_VALUE_STR,PARAM_VALUE_CLOB,TENANT_ID) values (3101,'TIME_SERIES_AREA_ENABLE_CALLOUT_OPTION_KEY',null,1,'["no"]',null,'&TENANT_ID');
        Insert into EMS_ANALYTICS_SEARCH_PARAMS (SEARCH_ID,NAME,PARAM_ATTRIBUTES,PARAM_TYPE,PARAM_VALUE_STR,PARAM_VALUE_CLOB,TENANT_ID) values (3101,'TIME_SERIES_AREA_TIME_PERIOD_KEY',null,1,'744',null,'&TENANT_ID');
        Insert into EMS_ANALYTICS_SEARCH_PARAMS (SEARCH_ID,NAME,PARAM_ATTRIBUTES,PARAM_TYPE,PARAM_VALUE_STR,PARAM_VALUE_CLOB,TENANT_ID) values (3101,'TIME_SERIES_AREA_WIDGET_ENABLE_RANKING',null,1,'true',null,'&TENANT_ID');
        Insert into EMS_ANALYTICS_SEARCH_PARAMS (SEARCH_ID,NAME,PARAM_ATTRIBUTES,PARAM_TYPE,PARAM_VALUE_STR,PARAM_VALUE_CLOB,TENANT_ID) values (3101,'TIME_SERIES_AREA_WIDGET_TOP_N_CONFIG',null,2,null,'{}','&TENANT_ID');
        Insert into EMS_ANALYTICS_SEARCH_PARAMS (SEARCH_ID,NAME,PARAM_ATTRIBUTES,PARAM_TYPE,PARAM_VALUE_STR,PARAM_VALUE_CLOB,TENANT_ID) values (3101,'TIME_SERIES_CALLOUT_OPTION_KEY',null,1,'["avg","min","max"]',null,'&TENANT_ID');
        Insert into EMS_ANALYTICS_SEARCH_PARAMS (SEARCH_ID,NAME,PARAM_ATTRIBUTES,PARAM_TYPE,PARAM_VALUE_STR,PARAM_VALUE_CLOB,TENANT_ID) values (3101,'TIME_SERIES_DISPLAY_OPTION_KEY',null,1,'["insights"]',null,'&TENANT_ID');

        Insert into EMS_ANALYTICS_SEARCH_PARAMS (SEARCH_ID,NAME,PARAM_ATTRIBUTES,PARAM_TYPE,PARAM_VALUE_STR,PARAM_VALUE_CLOB,TENANT_ID) values (3101,'TIME_SERIES_ENABLE_CALLOUT_OPTION_KEY',null,1,'["no"]',null,'&TENANT_ID');
        Insert into EMS_ANALYTICS_SEARCH_PARAMS (SEARCH_ID,NAME,PARAM_ATTRIBUTES,PARAM_TYPE,PARAM_VALUE_STR,PARAM_VALUE_CLOB,TENANT_ID) values (3101,'TIME_SERIES_REFERENCE_LINE_NAME_KEY',null,1,'""',null,'&TENANT_ID');
        Insert into EMS_ANALYTICS_SEARCH_PARAMS (SEARCH_ID,NAME,PARAM_ATTRIBUTES,PARAM_TYPE,PARAM_VALUE_STR,PARAM_VALUE_CLOB,TENANT_ID) values (3101,'TIME_SERIES_REFERENCE_LINE_OPTION_KEY',null,1,'"nameValue"',null,'&TENANT_ID');
        Insert into EMS_ANALYTICS_SEARCH_PARAMS (SEARCH_ID,NAME,PARAM_ATTRIBUTES,PARAM_TYPE,PARAM_VALUE_STR,PARAM_VALUE_CLOB,TENANT_ID) values (3101,'TIME_SERIES_REFERENCE_LINE_VALUE_KEY',null,1,null,null,'&TENANT_ID');
        Insert into EMS_ANALYTICS_SEARCH_PARAMS (SEARCH_ID,NAME,PARAM_ATTRIBUTES,PARAM_TYPE,PARAM_VALUE_STR,PARAM_VALUE_CLOB,TENANT_ID) values (3101,'TIME_SERIES_TIME_PERIOD_KEY',null,1,'744',null,'&TENANT_ID');
        Insert into EMS_ANALYTICS_SEARCH_PARAMS (SEARCH_ID,NAME,PARAM_ATTRIBUTES,PARAM_TYPE,PARAM_VALUE_STR,PARAM_VALUE_CLOB,TENANT_ID) values (3101,'TOP_N_ROWS',null,1,'50',null,'&TENANT_ID');
        Insert into EMS_ANALYTICS_SEARCH_PARAMS (SEARCH_ID,NAME,PARAM_ATTRIBUTES,PARAM_TYPE,PARAM_VALUE_STR,PARAM_VALUE_CLOB,TENANT_ID) values (3101,'VISUALIZATION_TYPE_KEY',null,1,'LINE',null,'&TENANT_ID');
        Insert into EMS_ANALYTICS_SEARCH_PARAMS (SEARCH_ID,NAME,PARAM_ATTRIBUTES,PARAM_TYPE,PARAM_VALUE_STR,PARAM_VALUE_CLOB,TENANT_ID) values (3101,'WIDGET_ICON',null,1,'/../images/func_horibargraph_24_ena.png',null,'&TENANT_ID');
        Insert into EMS_ANALYTICS_SEARCH_PARAMS (SEARCH_ID,NAME,PARAM_ATTRIBUTES,PARAM_TYPE,PARAM_VALUE_STR,PARAM_VALUE_CLOB,TENANT_ID) values (3101,'WIDGET_KOC_NAME',null,1,'emcta-visualization',null,'&TENANT_ID');
        Insert into EMS_ANALYTICS_SEARCH_PARAMS (SEARCH_ID,NAME,PARAM_ATTRIBUTES,PARAM_TYPE,PARAM_VALUE_STR,PARAM_VALUE_CLOB,TENANT_ID) values (3101,'WIDGET_SOURCE',null,1,'1',null,'&TENANT_ID');
        Insert into EMS_ANALYTICS_SEARCH_PARAMS (SEARCH_ID,NAME,PARAM_ATTRIBUTES,PARAM_TYPE,PARAM_VALUE_STR,PARAM_VALUE_CLOB,TENANT_ID) values (3101,'WIDGET_TEMPLATE',null,1,'/widget/visualizationWidget/visualizationWidget.html',null,'&TENANT_ID');
        Insert into EMS_ANALYTICS_SEARCH_PARAMS (SEARCH_ID,NAME,PARAM_ATTRIBUTES,PARAM_TYPE,PARAM_VALUE_STR,PARAM_VALUE_CLOB,TENANT_ID) values (3101,'WIDGET_VIEWMODEL',null,1,'/widget/visualizationWidget/js/VisualizationWidget.js',null,'&TENANT_ID');

        Insert into EMS_ANALYTICS_SEARCH_PARAMS (SEARCH_ID,NAME,PARAM_ATTRIBUTES,PARAM_TYPE,PARAM_VALUE_STR,PARAM_VALUE_CLOB,TENANT_ID) values (3101,'DASHBOARD_INELIGIBLE',null,1,'1',null,'&TENANT_ID');

        insert into EMS_ANALYTICS_LAST_ACCESS(OBJECT_ID,ACCESSED_BY,OBJECT_TYPE,ACCESS_DATE,TENANT_ID) values (3101,'ORACLE',2,SYS_EXTRACT_UTC(SYSTIMESTAMP),'&TENANT_ID');        
        DBMS_OUTPUT.PUT_LINE('OOB widget (id=3101) is added');  
    ELSE
      DBMS_OUTPUT.PUT_LINE('OOB widget (id=3101) exists, no need to add again');  
    END IF;
    
    SELECT COUNT(1) INTO v_count FROM EMS_ANALYTICS_SEARCH WHERE search_id=3102 AND TENANT_ID  ='&TENANT_ID';
    IF (v_count=0) THEN
        Insert into EMS_ANALYTICS_SEARCH
        (SEARCH_ID,NAME,OWNER,CREATION_DATE,LAST_MODIFICATION_DATE,LAST_MODIFIED_BY,DESCRIPTION,FOLDER_ID,CATEGORY_ID,NAME_NLSID,NAME_SUBSYSTEM,DESCRIPTION_NLSID,DESCRIPTION_SUBSYSTEM,SYSTEM_SEARCH,EM_PLUGIN_ID,IS_LOCKED,METADATA_CLOB,SEARCH_DISPLAY_STR,UI_HIDDEN,TENANT_ID,IS_WIDGET)
        values (3102,'db_ec_16','ORACLE',SYS_EXTRACT_UTC(SYSTIMESTAMP),SYS_EXTRACT_UTC(SYSTIMESTAMP),'ORACLE',NULL,4,2,null,null,null,null,1,null,0,null,'',0,'&TENANT_ID',1);
        Insert into EMS_ANALYTICS_SEARCH_PARAMS (SEARCH_ID,NAME,PARAM_ATTRIBUTES,PARAM_TYPE,PARAM_VALUE_STR,PARAM_VALUE_CLOB,TENANT_ID) values (3102,'PROVIDER_ASSET_ROOT',null,1,'assetRoot',null,'&TENANT_ID');
        Insert into EMS_ANALYTICS_SEARCH_PARAMS (SEARCH_ID,NAME,PARAM_ATTRIBUTES,PARAM_TYPE,PARAM_VALUE_STR,PARAM_VALUE_CLOB,TENANT_ID) values (3102,'PROVIDER_NAME',null,1,'TargetAnalytics',null,'&TENANT_ID');
        Insert into EMS_ANALYTICS_SEARCH_PARAMS (SEARCH_ID,NAME,PARAM_ATTRIBUTES,PARAM_TYPE,PARAM_VALUE_STR,PARAM_VALUE_CLOB,TENANT_ID) values (3102,'PROVIDER_VERSION',null,1,'1.1',null,'&TENANT_ID');
        Insert into EMS_ANALYTICS_SEARCH_PARAMS (SEARCH_ID,NAME,PARAM_ATTRIBUTES,PARAM_TYPE,PARAM_VALUE_STR,PARAM_VALUE_CLOB,TENANT_ID) values (3102,'SELECTED_TIME_RANGE',null,1,'[1461652806229,1461739206229]',null,'&TENANT_ID');
        Insert into EMS_ANALYTICS_SEARCH_PARAMS (SEARCH_ID,NAME,PARAM_ATTRIBUTES,PARAM_TYPE,PARAM_VALUE_STR,PARAM_VALUE_CLOB,TENANT_ID) values (3102,'TA_CORRELATION_TIME_PERIOD_KEY',null,1,'744',null,'&TENANT_ID');
        Insert into EMS_ANALYTICS_SEARCH_PARAMS (SEARCH_ID,NAME,PARAM_ATTRIBUTES,PARAM_TYPE,PARAM_VALUE_STR,PARAM_VALUE_CLOB,TENANT_ID) values (3102,'TA_CRITERIA',null,2,null,'{"version":0.5,"criteria":[{"jsonConstructor":"TargetNameSearchCriterion","data":{"_id":"target_name","_value":{"jsonConstructor":"CriterionExpression","data":{"type":"or","values":[{"jsonConstructor":"CriterionExpression","data":{"type":"like","values":{"jsonConstructor":"CriterionValue","data":{"value":"%db%"}}}}]}},"dataType":"string","_displayName":"Target Name","displayDetails":null,"role":"filter","func":null,"UIProperties":{},"measures":[{"name":"DISPLAYNAME","displayName":"Target Name","description":"User friendly name for the Target","dimensionName":"","dataType":1,"disableGroupBy":false,"precision":256,"scale":0,"hide":0}]}},{"jsonConstructor":"TargetTypeSearchCriterion","data":{"_id":"target_type","_value":{"jsonConstructor":"CriterionExpression","data":{"type":"in","values":[{"jsonConstructor":"CriterionValue","data":{"value":"oracle_database","metadata":{"category":false},"displayValue":"Database Instance"}}]}},"dataType":"string","_displayName":"Target Type","displayDetails":null,"role":"filter","func":null,"UIProperties":{}}},{"jsonConstructor":"MetricGroupSearchCriterion","data":{"_id":"oracle_database_InstanceEfficiency_responseTimePt_","_value":null,"dataType":"number","_displayName":"Response Time (per transaction)","displayDetails":"Efficiency","role":"y-axis ","func":"mean","UIProperties":{},"targetType":"oracle_database","unitStr":"nanoseconds","mcName":"responseTimePt","mgName":"InstanceEfficiency","mgDisplayName":"Efficiency","isKey":false,"groupKeyColumns":[],"measures":[],"isConfig":false,"isCurated":true}}]}','&TENANT_ID');
        Insert into EMS_ANALYTICS_SEARCH_PARAMS (SEARCH_ID,NAME,PARAM_ATTRIBUTES,PARAM_TYPE,PARAM_VALUE_STR,PARAM_VALUE_CLOB,TENANT_ID) values (3102,'TA_DONUT_WIDGET_ENABLE_RANKING',null,1,'false',null,'&TENANT_ID');
        Insert into EMS_ANALYTICS_SEARCH_PARAMS (SEARCH_ID,NAME,PARAM_ATTRIBUTES,PARAM_TYPE,PARAM_VALUE_STR,PARAM_VALUE_CLOB,TENANT_ID) values (3102,'TA_DONUT_WIDGET_TOP_N_CONFIG',null,2,null,'{}','&TENANT_ID');
        Insert into EMS_ANALYTICS_SEARCH_PARAMS (SEARCH_ID,NAME,PARAM_ATTRIBUTES,PARAM_TYPE,PARAM_VALUE_STR,PARAM_VALUE_CLOB,TENANT_ID) values (3102,'TA_FUNNEL_WIDGET_CALLOUT',null,1,'none',null,'&TENANT_ID');
        Insert into EMS_ANALYTICS_SEARCH_PARAMS (SEARCH_ID,NAME,PARAM_ATTRIBUTES,PARAM_TYPE,PARAM_VALUE_STR,PARAM_VALUE_CLOB,TENANT_ID) values (3102,'TA_FUNNEL_WIDGET_KEY_METRICS',null,2,null,'{"keyMetricsNameList":[],"otherKeyMetricsNameList":[]}','&TENANT_ID');
        Insert into EMS_ANALYTICS_SEARCH_PARAMS (SEARCH_ID,NAME,PARAM_ATTRIBUTES,PARAM_TYPE,PARAM_VALUE_STR,PARAM_VALUE_CLOB,TENANT_ID) values (3102,'TA_FUNNEL_WIDGET_OTHER_METRICS_CRITERIA',null,2,null,'[]','&TENANT_ID');
        Insert into EMS_ANALYTICS_SEARCH_PARAMS (SEARCH_ID,NAME,PARAM_ATTRIBUTES,PARAM_TYPE,PARAM_VALUE_STR,PARAM_VALUE_CLOB,TENANT_ID) values (3102,'TA_FUNNEL_WIDGET_SHOW_3D',null,1,'off',null,'&TENANT_ID');
        Insert into EMS_ANALYTICS_SEARCH_PARAMS (SEARCH_ID,NAME,PARAM_ATTRIBUTES,PARAM_TYPE,PARAM_VALUE_STR,PARAM_VALUE_CLOB,TENANT_ID) values (3102,'TA_FUNNEL_WIDGET_SHOW_CALLOUT',null,1,'false',null,'&TENANT_ID');

        Insert into EMS_ANALYTICS_SEARCH_PARAMS (SEARCH_ID,NAME,PARAM_ATTRIBUTES,PARAM_TYPE,PARAM_VALUE_STR,PARAM_VALUE_CLOB,TENANT_ID) values (3102,'TA_FUNNEL_WIDGET_SHOW_KEY_NAME_SELECTION',null,2,null,'["no"]','&TENANT_ID');
        Insert into EMS_ANALYTICS_SEARCH_PARAMS (SEARCH_ID,NAME,PARAM_ATTRIBUTES,PARAM_TYPE,PARAM_VALUE_STR,PARAM_VALUE_CLOB,TENANT_ID) values (3102,'TA_FUNNEL_WIDGET_SHOW_ORIENTATION',null,1,'vertical',null,'&TENANT_ID');
        Insert into EMS_ANALYTICS_SEARCH_PARAMS (SEARCH_ID,NAME,PARAM_ATTRIBUTES,PARAM_TYPE,PARAM_VALUE_STR,PARAM_VALUE_CLOB,TENANT_ID) values (3102,'TA_HISTOGRAM_INSIGHT_OPTION_KEY',null,1,'insights',null,'&TENANT_ID');
        Insert into EMS_ANALYTICS_SEARCH_PARAMS (SEARCH_ID,NAME,PARAM_ATTRIBUTES,PARAM_TYPE,PARAM_VALUE_STR,PARAM_VALUE_CLOB,TENANT_ID) values (3102,'TA_HORI_SORT_COLUMN',null,1,'0',null,'&TENANT_ID');
        Insert into EMS_ANALYTICS_SEARCH_PARAMS (SEARCH_ID,NAME,PARAM_ATTRIBUTES,PARAM_TYPE,PARAM_VALUE_STR,PARAM_VALUE_CLOB,TENANT_ID) values (3102,'TA_HORI_SORT_ORDER',null,1,'true',null,'&TENANT_ID');
        Insert into EMS_ANALYTICS_SEARCH_PARAMS (SEARCH_ID,NAME,PARAM_ATTRIBUTES,PARAM_TYPE,PARAM_VALUE_STR,PARAM_VALUE_CLOB,TENANT_ID) values (3102,'TA_LINECHART_WIDGET_ENABLE_RANKING',null,1,'false',null,'&TENANT_ID');
        Insert into EMS_ANALYTICS_SEARCH_PARAMS (SEARCH_ID,NAME,PARAM_ATTRIBUTES,PARAM_TYPE,PARAM_VALUE_STR,PARAM_VALUE_CLOB,TENANT_ID) values (3102,'TA_LINECHART_WIDGET_TOP_N_CONFIG',null,2,null,'{}','&TENANT_ID');
        Insert into EMS_ANALYTICS_SEARCH_PARAMS (SEARCH_ID,NAME,PARAM_ATTRIBUTES,PARAM_TYPE,PARAM_VALUE_STR,PARAM_VALUE_CLOB,TENANT_ID) values (3102,'TA_LINE_CHART_WIDGET_SHOW_STACKED',null,1,'on',null,'&TENANT_ID');
        Insert into EMS_ANALYTICS_SEARCH_PARAMS (SEARCH_ID,NAME,PARAM_ATTRIBUTES,PARAM_TYPE,PARAM_VALUE_STR,PARAM_VALUE_CLOB,TENANT_ID) values (3102,'TA_QDELINE_TIME_PERIOD_KEY',null,1,'744',null,'&TENANT_ID');
        Insert into EMS_ANALYTICS_SEARCH_PARAMS (SEARCH_ID,NAME,PARAM_ATTRIBUTES,PARAM_TYPE,PARAM_VALUE_STR,PARAM_VALUE_CLOB,TENANT_ID) values (3102,'TA_QDELINE_TIME_SERIES_CALLOUT_OPTION_KEY',null,1,'["no"]',null,'&TENANT_ID');
        Insert into EMS_ANALYTICS_SEARCH_PARAMS (SEARCH_ID,NAME,PARAM_ATTRIBUTES,PARAM_TYPE,PARAM_VALUE_STR,PARAM_VALUE_CLOB,TENANT_ID) values (3102,'TA_QDELINE_TIME_SERIES_ENABLE_CALLOUT_OPTION_KEY',null,1,'["avg","min","max"]',null,'&TENANT_ID');
        Insert into EMS_ANALYTICS_SEARCH_PARAMS (SEARCH_ID,NAME,PARAM_ATTRIBUTES,PARAM_TYPE,PARAM_VALUE_STR,PARAM_VALUE_CLOB,TENANT_ID) values (3102,'TA_STACKEDBAR_WIDGET_CALLOUT',null,1,'none',null,'&TENANT_ID');
        Insert into EMS_ANALYTICS_SEARCH_PARAMS (SEARCH_ID,NAME,PARAM_ATTRIBUTES,PARAM_TYPE,PARAM_VALUE_STR,PARAM_VALUE_CLOB,TENANT_ID) values (3102,'TA_STACKEDBAR_WIDGET_ENABLE_RANKING',null,1,'false',null,'&TENANT_ID');

        Insert into EMS_ANALYTICS_SEARCH_PARAMS (SEARCH_ID,NAME,PARAM_ATTRIBUTES,PARAM_TYPE,PARAM_VALUE_STR,PARAM_VALUE_CLOB,TENANT_ID) values (3102,'TA_STACKEDBAR_WIDGET_KEY_METRICS',null,2,null,'{"keyMetricsNameList":[],"otherKeyMetricsNameList":[]}','&TENANT_ID');
        Insert into EMS_ANALYTICS_SEARCH_PARAMS (SEARCH_ID,NAME,PARAM_ATTRIBUTES,PARAM_TYPE,PARAM_VALUE_STR,PARAM_VALUE_CLOB,TENANT_ID) values (3102,'TA_STACKEDBAR_WIDGET_OTHER_METRICS_CRITERIA',null,2,null,'[]','&TENANT_ID');
        Insert into EMS_ANALYTICS_SEARCH_PARAMS (SEARCH_ID,NAME,PARAM_ATTRIBUTES,PARAM_TYPE,PARAM_VALUE_STR,PARAM_VALUE_CLOB,TENANT_ID) values (3102,'TA_STACKEDBAR_WIDGET_SHARE_SAME_YAXIS',null,1,'false',null,'&TENANT_ID');
        Insert into EMS_ANALYTICS_SEARCH_PARAMS (SEARCH_ID,NAME,PARAM_ATTRIBUTES,PARAM_TYPE,PARAM_VALUE_STR,PARAM_VALUE_CLOB,TENANT_ID) values (3102,'TA_STACKEDBAR_WIDGET_SHOW_CALLOUT',null,1,'false',null,'&TENANT_ID');
        Insert into EMS_ANALYTICS_SEARCH_PARAMS (SEARCH_ID,NAME,PARAM_ATTRIBUTES,PARAM_TYPE,PARAM_VALUE_STR,PARAM_VALUE_CLOB,TENANT_ID) values (3102,'TA_STACKEDBAR_WIDGET_SHOW_KEY_NAME_SELECTION',null,2,null,'["no"]','&TENANT_ID');
        Insert into EMS_ANALYTICS_SEARCH_PARAMS (SEARCH_ID,NAME,PARAM_ATTRIBUTES,PARAM_TYPE,PARAM_VALUE_STR,PARAM_VALUE_CLOB,TENANT_ID) values (3102,'TA_STACKEDBAR_WIDGET_SHOW_STACKED',null,1,'off',null,'&TENANT_ID');
        Insert into EMS_ANALYTICS_SEARCH_PARAMS (SEARCH_ID,NAME,PARAM_ATTRIBUTES,PARAM_TYPE,PARAM_VALUE_STR,PARAM_VALUE_CLOB,TENANT_ID) values (3102,'TA_STACKEDBAR_WIDGET_TILE_SHOW_THRESHOLD',null,1,'false',null,'&TENANT_ID');
        Insert into EMS_ANALYTICS_SEARCH_PARAMS (SEARCH_ID,NAME,PARAM_ATTRIBUTES,PARAM_TYPE,PARAM_VALUE_STR,PARAM_VALUE_CLOB,TENANT_ID) values (3102,'TA_STACKEDBAR_WIDGET_TOP_N_CONFIG',null,2,null,'{}','&TENANT_ID');
        Insert into EMS_ANALYTICS_SEARCH_PARAMS (SEARCH_ID,NAME,PARAM_ATTRIBUTES,PARAM_TYPE,PARAM_VALUE_STR,PARAM_VALUE_CLOB,TENANT_ID) values (3102,'TA_TREEMAP_DISPLAY_OPTION_KEY',null,1,'["insights"]',null,'&TENANT_ID');
        Insert into EMS_ANALYTICS_SEARCH_PARAMS (SEARCH_ID,NAME,PARAM_ATTRIBUTES,PARAM_TYPE,PARAM_VALUE_STR,PARAM_VALUE_CLOB,TENANT_ID) values (3102,'TA_TREEMAP_TOP_N_ROWS',null,1,'5000',null,'&TENANT_ID');
        Insert into EMS_ANALYTICS_SEARCH_PARAMS (SEARCH_ID,NAME,PARAM_ATTRIBUTES,PARAM_TYPE,PARAM_VALUE_STR,PARAM_VALUE_CLOB,TENANT_ID) values (3102,'TA_TREEMAP_WIDGET_ENABLE_RANKING',null,1,'false',null,'&TENANT_ID');
        Insert into EMS_ANALYTICS_SEARCH_PARAMS (SEARCH_ID,NAME,PARAM_ATTRIBUTES,PARAM_TYPE,PARAM_VALUE_STR,PARAM_VALUE_CLOB,TENANT_ID) values (3102,'TA_TREEMAP_WIDGET_TOP_N_CONFIG',null,2,null,'{}','&TENANT_ID');
        Insert into EMS_ANALYTICS_SEARCH_PARAMS (SEARCH_ID,NAME,PARAM_ATTRIBUTES,PARAM_TYPE,PARAM_VALUE_STR,PARAM_VALUE_CLOB,TENANT_ID) values (3102,'TA_WIDGET_CALLOUT',null,1,'none',null,'&TENANT_ID');

        Insert into EMS_ANALYTICS_SEARCH_PARAMS (SEARCH_ID,NAME,PARAM_ATTRIBUTES,PARAM_TYPE,PARAM_VALUE_STR,PARAM_VALUE_CLOB,TENANT_ID) values (3102,'TA_WIDGET_GAUGE_COLOR_VALUE',null,1,'#84bbe6',null,'&TENANT_ID');
        Insert into EMS_ANALYTICS_SEARCH_PARAMS (SEARCH_ID,NAME,PARAM_ATTRIBUTES,PARAM_TYPE,PARAM_VALUE_STR,PARAM_VALUE_CLOB,TENANT_ID) values (3102,'TA_WIDGET_GAUGE_MAX_VALUE',null,1,'100',null,'&TENANT_ID');
        Insert into EMS_ANALYTICS_SEARCH_PARAMS (SEARCH_ID,NAME,PARAM_ATTRIBUTES,PARAM_TYPE,PARAM_VALUE_STR,PARAM_VALUE_CLOB,TENANT_ID) values (3102,'TA_WIDGET_GAUGE_SELECTED_TILE',null,1,'emcta-tile-circular',null,'&TENANT_ID');
        Insert into EMS_ANALYTICS_SEARCH_PARAMS (SEARCH_ID,NAME,PARAM_ATTRIBUTES,PARAM_TYPE,PARAM_VALUE_STR,PARAM_VALUE_CLOB,TENANT_ID) values (3102,'TA_WIDGET_GAUGE_SHOW_SPARK_CHART',null,1,'false',null,'&TENANT_ID');
        Insert into EMS_ANALYTICS_SEARCH_PARAMS (SEARCH_ID,NAME,PARAM_ATTRIBUTES,PARAM_TYPE,PARAM_VALUE_STR,PARAM_VALUE_CLOB,TENANT_ID) values (3102,'TA_WIDGET_LABEL_SELECTED_TILE',null,1,'emcta-tile-label',null,'&TENANT_ID');
        Insert into EMS_ANALYTICS_SEARCH_PARAMS (SEARCH_ID,NAME,PARAM_ATTRIBUTES,PARAM_TYPE,PARAM_VALUE_STR,PARAM_VALUE_CLOB,TENANT_ID) values (3102,'TA_WIDGET_LABEL_SHOW_SPARK_CHART',null,1,'true',null,'&TENANT_ID');
        Insert into EMS_ANALYTICS_SEARCH_PARAMS (SEARCH_ID,NAME,PARAM_ATTRIBUTES,PARAM_TYPE,PARAM_VALUE_STR,PARAM_VALUE_CLOB,TENANT_ID) values (3102,'TA_WIDGET_LINE_CHART_CALLOUT',null,1,'none',null,'&TENANT_ID');
        Insert into EMS_ANALYTICS_SEARCH_PARAMS (SEARCH_ID,NAME,PARAM_ATTRIBUTES,PARAM_TYPE,PARAM_VALUE_STR,PARAM_VALUE_CLOB,TENANT_ID) values (3102,'TA_WIDGET_LINE_CHART_SELECTED_TILE',null,1,'emcta-tile-line',null,'&TENANT_ID');
        Insert into EMS_ANALYTICS_SEARCH_PARAMS (SEARCH_ID,NAME,PARAM_ATTRIBUTES,PARAM_TYPE,PARAM_VALUE_STR,PARAM_VALUE_CLOB,TENANT_ID) values (3102,'TA_WIDGET_LINE_CHART_SHOW_CALLOUT',null,1,'false',null,'&TENANT_ID');
        Insert into EMS_ANALYTICS_SEARCH_PARAMS (SEARCH_ID,NAME,PARAM_ATTRIBUTES,PARAM_TYPE,PARAM_VALUE_STR,PARAM_VALUE_CLOB,TENANT_ID) values (3102,'TA_WIDGET_LINE_CHART_SHOW_STACKED',null,1,'on',null,'&TENANT_ID');
        Insert into EMS_ANALYTICS_SEARCH_PARAMS (SEARCH_ID,NAME,PARAM_ATTRIBUTES,PARAM_TYPE,PARAM_VALUE_STR,PARAM_VALUE_CLOB,TENANT_ID) values (3102,'TA_WIDGET_LINE_CHART_TILE_SHOW_THRESHOLD',null,1,'false',null,'&TENANT_ID');
        Insert into EMS_ANALYTICS_SEARCH_PARAMS (SEARCH_ID,NAME,PARAM_ATTRIBUTES,PARAM_TYPE,PARAM_VALUE_STR,PARAM_VALUE_CLOB,TENANT_ID) values (3102,'TA_WIDGET_METRIC_TABLE_CALLOUT',null,1,'none',null,'&TENANT_ID');
        Insert into EMS_ANALYTICS_SEARCH_PARAMS (SEARCH_ID,NAME,PARAM_ATTRIBUTES,PARAM_TYPE,PARAM_VALUE_STR,PARAM_VALUE_CLOB,TENANT_ID) values (3102,'TA_WIDGET_METRIC_TABLE_SHOW_CALLOUT',null,1,'false',null,'&TENANT_ID');

        Insert into EMS_ANALYTICS_SEARCH_PARAMS (SEARCH_ID,NAME,PARAM_ATTRIBUTES,PARAM_TYPE,PARAM_VALUE_STR,PARAM_VALUE_CLOB,TENANT_ID) values (3102,'TA_WIDGET_SELECTED_TILE',null,1,'emcta-tile-label',null,'&TENANT_ID');
        Insert into EMS_ANALYTICS_SEARCH_PARAMS (SEARCH_ID,NAME,PARAM_ATTRIBUTES,PARAM_TYPE,PARAM_VALUE_STR,PARAM_VALUE_CLOB,TENANT_ID) values (3102,'TA_WIDGET_SHOW_CALLOUT',null,1,'false',null,'&TENANT_ID');
        Insert into EMS_ANALYTICS_SEARCH_PARAMS (SEARCH_ID,NAME,PARAM_ATTRIBUTES,PARAM_TYPE,PARAM_VALUE_STR,PARAM_VALUE_CLOB,TENANT_ID) values (3102,'TA_WIDGET_SHOW_PERCENT_CHANGE',null,1,'true',null,'&TENANT_ID');
        Insert into EMS_ANALYTICS_SEARCH_PARAMS (SEARCH_ID,NAME,PARAM_ATTRIBUTES,PARAM_TYPE,PARAM_VALUE_STR,PARAM_VALUE_CLOB,TENANT_ID) values (3102,'TA_WIDGET_SHOW_SPARK_CHART',null,1,'false',null,'&TENANT_ID');
        Insert into EMS_ANALYTICS_SEARCH_PARAMS (SEARCH_ID,NAME,PARAM_ATTRIBUTES,PARAM_TYPE,PARAM_VALUE_STR,PARAM_VALUE_CLOB,TENANT_ID) values (3102,'TA_WIDGET_TILE_SHOW_THRESHOLD',null,1,'false',null,'&TENANT_ID');
        Insert into EMS_ANALYTICS_SEARCH_PARAMS (SEARCH_ID,NAME,PARAM_ATTRIBUTES,PARAM_TYPE,PARAM_VALUE_STR,PARAM_VALUE_CLOB,TENANT_ID) values (3102,'TIME_SERIES_AREA_CALLOUT_OPTION_KEY',null,1,'["avg","min","max"]',null,'&TENANT_ID');
        Insert into EMS_ANALYTICS_SEARCH_PARAMS (SEARCH_ID,NAME,PARAM_ATTRIBUTES,PARAM_TYPE,PARAM_VALUE_STR,PARAM_VALUE_CLOB,TENANT_ID) values (3102,'TIME_SERIES_AREA_DISPLAY_OPTION_KEY',null,1,'["insights"]',null,'&TENANT_ID');
        Insert into EMS_ANALYTICS_SEARCH_PARAMS (SEARCH_ID,NAME,PARAM_ATTRIBUTES,PARAM_TYPE,PARAM_VALUE_STR,PARAM_VALUE_CLOB,TENANT_ID) values (3102,'TIME_SERIES_AREA_ENABLE_CALLOUT_OPTION_KEY',null,1,'["no"]',null,'&TENANT_ID');
        Insert into EMS_ANALYTICS_SEARCH_PARAMS (SEARCH_ID,NAME,PARAM_ATTRIBUTES,PARAM_TYPE,PARAM_VALUE_STR,PARAM_VALUE_CLOB,TENANT_ID) values (3102,'TIME_SERIES_AREA_TIME_PERIOD_KEY',null,1,'744',null,'&TENANT_ID');
        Insert into EMS_ANALYTICS_SEARCH_PARAMS (SEARCH_ID,NAME,PARAM_ATTRIBUTES,PARAM_TYPE,PARAM_VALUE_STR,PARAM_VALUE_CLOB,TENANT_ID) values (3102,'TIME_SERIES_AREA_WIDGET_ENABLE_RANKING',null,1,'true',null,'&TENANT_ID');
        Insert into EMS_ANALYTICS_SEARCH_PARAMS (SEARCH_ID,NAME,PARAM_ATTRIBUTES,PARAM_TYPE,PARAM_VALUE_STR,PARAM_VALUE_CLOB,TENANT_ID) values (3102,'TIME_SERIES_AREA_WIDGET_TOP_N_CONFIG',null,2,null,'{}','&TENANT_ID');
        Insert into EMS_ANALYTICS_SEARCH_PARAMS (SEARCH_ID,NAME,PARAM_ATTRIBUTES,PARAM_TYPE,PARAM_VALUE_STR,PARAM_VALUE_CLOB,TENANT_ID) values (3102,'TIME_SERIES_CALLOUT_OPTION_KEY',null,1,'["avg","min","max"]',null,'&TENANT_ID');
        Insert into EMS_ANALYTICS_SEARCH_PARAMS (SEARCH_ID,NAME,PARAM_ATTRIBUTES,PARAM_TYPE,PARAM_VALUE_STR,PARAM_VALUE_CLOB,TENANT_ID) values (3102,'TIME_SERIES_DISPLAY_OPTION_KEY',null,1,'["insights"]',null,'&TENANT_ID');

        Insert into EMS_ANALYTICS_SEARCH_PARAMS (SEARCH_ID,NAME,PARAM_ATTRIBUTES,PARAM_TYPE,PARAM_VALUE_STR,PARAM_VALUE_CLOB,TENANT_ID) values (3102,'TIME_SERIES_ENABLE_CALLOUT_OPTION_KEY',null,1,'["no"]',null,'&TENANT_ID');
        Insert into EMS_ANALYTICS_SEARCH_PARAMS (SEARCH_ID,NAME,PARAM_ATTRIBUTES,PARAM_TYPE,PARAM_VALUE_STR,PARAM_VALUE_CLOB,TENANT_ID) values (3102,'TIME_SERIES_REFERENCE_LINE_NAME_KEY',null,1,'""',null,'&TENANT_ID');
        Insert into EMS_ANALYTICS_SEARCH_PARAMS (SEARCH_ID,NAME,PARAM_ATTRIBUTES,PARAM_TYPE,PARAM_VALUE_STR,PARAM_VALUE_CLOB,TENANT_ID) values (3102,'TIME_SERIES_REFERENCE_LINE_OPTION_KEY',null,1,'"nameValue"',null,'&TENANT_ID');
        Insert into EMS_ANALYTICS_SEARCH_PARAMS (SEARCH_ID,NAME,PARAM_ATTRIBUTES,PARAM_TYPE,PARAM_VALUE_STR,PARAM_VALUE_CLOB,TENANT_ID) values (3102,'TIME_SERIES_REFERENCE_LINE_VALUE_KEY',null,1,null,null,'&TENANT_ID');
        Insert into EMS_ANALYTICS_SEARCH_PARAMS (SEARCH_ID,NAME,PARAM_ATTRIBUTES,PARAM_TYPE,PARAM_VALUE_STR,PARAM_VALUE_CLOB,TENANT_ID) values (3102,'TIME_SERIES_TIME_PERIOD_KEY',null,1,'744',null,'&TENANT_ID');
        Insert into EMS_ANALYTICS_SEARCH_PARAMS (SEARCH_ID,NAME,PARAM_ATTRIBUTES,PARAM_TYPE,PARAM_VALUE_STR,PARAM_VALUE_CLOB,TENANT_ID) values (3102,'TOP_N_ROWS',null,1,'50',null,'&TENANT_ID');
        Insert into EMS_ANALYTICS_SEARCH_PARAMS (SEARCH_ID,NAME,PARAM_ATTRIBUTES,PARAM_TYPE,PARAM_VALUE_STR,PARAM_VALUE_CLOB,TENANT_ID) values (3102,'VISUALIZATION_TYPE_KEY',null,1,'LINE',null,'&TENANT_ID');
        Insert into EMS_ANALYTICS_SEARCH_PARAMS (SEARCH_ID,NAME,PARAM_ATTRIBUTES,PARAM_TYPE,PARAM_VALUE_STR,PARAM_VALUE_CLOB,TENANT_ID) values (3102,'WIDGET_ICON',null,1,'/../images/func_horibargraph_24_ena.png',null,'&TENANT_ID');
        Insert into EMS_ANALYTICS_SEARCH_PARAMS (SEARCH_ID,NAME,PARAM_ATTRIBUTES,PARAM_TYPE,PARAM_VALUE_STR,PARAM_VALUE_CLOB,TENANT_ID) values (3102,'WIDGET_KOC_NAME',null,1,'emcta-visualization',null,'&TENANT_ID');
        Insert into EMS_ANALYTICS_SEARCH_PARAMS (SEARCH_ID,NAME,PARAM_ATTRIBUTES,PARAM_TYPE,PARAM_VALUE_STR,PARAM_VALUE_CLOB,TENANT_ID) values (3102,'WIDGET_SOURCE',null,1,'1',null,'&TENANT_ID');
        Insert into EMS_ANALYTICS_SEARCH_PARAMS (SEARCH_ID,NAME,PARAM_ATTRIBUTES,PARAM_TYPE,PARAM_VALUE_STR,PARAM_VALUE_CLOB,TENANT_ID) values (3102,'WIDGET_TEMPLATE',null,1,'/widget/visualizationWidget/visualizationWidget.html',null,'&TENANT_ID');
        Insert into EMS_ANALYTICS_SEARCH_PARAMS (SEARCH_ID,NAME,PARAM_ATTRIBUTES,PARAM_TYPE,PARAM_VALUE_STR,PARAM_VALUE_CLOB,TENANT_ID) values (3102,'WIDGET_VIEWMODEL',null,1,'/widget/visualizationWidget/js/VisualizationWidget.js',null,'&TENANT_ID');

        Insert into EMS_ANALYTICS_SEARCH_PARAMS (SEARCH_ID,NAME,PARAM_ATTRIBUTES,PARAM_TYPE,PARAM_VALUE_STR,PARAM_VALUE_CLOB,TENANT_ID) values (3102,'DASHBOARD_INELIGIBLE',null,1,'1',null,'&TENANT_ID');

        insert into EMS_ANALYTICS_LAST_ACCESS(OBJECT_ID,ACCESSED_BY,OBJECT_TYPE,ACCESS_DATE,TENANT_ID) values (3102,'ORACLE',2,SYS_EXTRACT_UTC(SYSTIMESTAMP),'&TENANT_ID');        
        DBMS_OUTPUT.PUT_LINE('OOB widget (id=3102) is added');  
    ELSE
        DBMS_OUTPUT.PUT_LINE('OOB widget (id=3102) exists, no need to add again');  
    END IF;
    COMMIT;

EXCEPTION
WHEN OTHERS THEN
    ROLLBACK;
    DBMS_OUTPUT.PUT_LINE('Failed to update 3 ineligble TA OOB WIDGET for Target Card due to '||SQLERRM);   
    RAISE;  
    
END;
/
