DEFINE TENANT_ID ='&1'
SET FEEDBACK ON
SET SERVEROUTPUT ON


---add 3 OOB TA OOB widgets
DECLARE
  v_count number;
  v_searchid number:=3029;
  v_searchid_2 number:=3030;
  v_searchid_3 number:=3031;
BEGIN

    SELECT COUNT(1) INTO v_count FROM EMS_ANALYTICS_SEARCH WHERE search_id=v_searchid AND TENANT_ID  ='&TENANT_ID';
    IF (v_count=0) THEN
        Insert into EMS_ANALYTICS_SEARCH
        (SEARCH_ID,NAME,OWNER,CREATION_DATE,LAST_MODIFICATION_DATE,LAST_MODIFIED_BY,DESCRIPTION,FOLDER_ID,CATEGORY_ID,NAME_NLSID,NAME_SUBSYSTEM,DESCRIPTION_NLSID,DESCRIPTION_SUBSYSTEM,SYSTEM_SEARCH,EM_PLUGIN_ID,IS_LOCKED,METADATA_CLOB,SEARCH_DISPLAY_STR,UI_HIDDEN,TENANT_ID,IS_WIDGET)
        values (v_searchid,'OMC Oracle Database - Transactions Rate','ORACLE',SYS_EXTRACT_UTC(SYSTIMESTAMP),SYS_EXTRACT_UTC(SYSTIMESTAMP),'ORACLE','OMC Oracle Database - Avg Transactions Rate by Hour',4,2,null,null,null,null,1,null,0,null,null,0,'&TENANT_ID',1);
        Insert into EMS_ANALYTICS_SEARCH_PARAMS (SEARCH_ID,NAME,PARAM_ATTRIBUTES,PARAM_TYPE,PARAM_VALUE_STR,PARAM_VALUE_CLOB,TENANT_ID) values (v_searchid,'PROVIDER_ASSET_ROOT',null,1,'assetRoot',null,'&TENANT_ID');
        Insert into EMS_ANALYTICS_SEARCH_PARAMS (SEARCH_ID,NAME,PARAM_ATTRIBUTES,PARAM_TYPE,PARAM_VALUE_STR,PARAM_VALUE_CLOB,TENANT_ID) values (v_searchid,'PROVIDER_NAME',null,1,'TargetAnalytics',null,'&TENANT_ID');
        Insert into EMS_ANALYTICS_SEARCH_PARAMS (SEARCH_ID,NAME,PARAM_ATTRIBUTES,PARAM_TYPE,PARAM_VALUE_STR,PARAM_VALUE_CLOB,TENANT_ID) values (v_searchid,'PROVIDER_VERSION',null,1,'1.1',null,'&TENANT_ID');
        Insert into EMS_ANALYTICS_SEARCH_PARAMS (SEARCH_ID,NAME,PARAM_ATTRIBUTES,PARAM_TYPE,PARAM_VALUE_STR,PARAM_VALUE_CLOB,TENANT_ID) values (v_searchid,'SELECTED_TIME_RANGE',null,1,'[1465378500000,1466588100000]',null,'&TENANT_ID');
        Insert into EMS_ANALYTICS_SEARCH_PARAMS (SEARCH_ID,NAME,PARAM_ATTRIBUTES,PARAM_TYPE,PARAM_VALUE_STR,PARAM_VALUE_CLOB,TENANT_ID) values (v_searchid,'TA_CORRELATION_TIME_PERIOD_KEY',null,1,'744',null,'&TENANT_ID');
        Insert into EMS_ANALYTICS_SEARCH_PARAMS (SEARCH_ID,NAME,PARAM_ATTRIBUTES,PARAM_TYPE,PARAM_VALUE_STR,PARAM_VALUE_CLOB,TENANT_ID) values (v_searchid,'TA_CRITERIA',null,2,null,'{"version":0.5,"criteria":[{"jsonConstructor":"TargetTypeSearchCriterion","data":{"_id":"target_type","_value":{"jsonConstructor":"CriterionExpression","data":{"type":"in","values":[{"jsonConstructor":"CriterionValue","data":{"value":"omc_oracle_db","metadata":{"category":false},"displayValue":"OMC Oracle Database"}}]}},"dataType":"string","_displayName":"Target Type","displayDetails":null,"role":"filter","func":null,"UIProperties":{}}},{"jsonConstructor":"MetricGroupSearchCriterion","data":{"_id":"omc_relational_database_RDB_Load_transactionsPerSecond_","_value":null,"dataType":"number","_displayName":"Transactions Rate","displayDetails":"Load","role":"y-axis ","func":"mean","UIProperties":{},"targetType":"omc_relational_database","unitStr":"OMC_SYS_STANDARD_RATE_TRANPS","mcName":"transactionsPerSecond","mgName":"RDB_Load","mgDisplayName":"Load","isKey":0,"groupKeyColumns":[],"measures":[{"subject":"OMC_RELATIONAL_DATABASE","cube":"OMC_RELATIONAL_DATABASE-RDB_LOAD","name":"TRANSACTIONSPERSECOND","metricSourceType":1,"displayName":"Transactions Rate","cubeDisplayName":"Load","mgName":"RDB_Load","mcName":"transactionsPerSecond"}],"isConfig":0,"isCurated":true}}]}','&TENANT_ID');
        Insert into EMS_ANALYTICS_SEARCH_PARAMS (SEARCH_ID,NAME,PARAM_ATTRIBUTES,PARAM_TYPE,PARAM_VALUE_STR,PARAM_VALUE_CLOB,TENANT_ID) values (v_searchid,'TA_DONUT_WIDGET_ENABLE_RANKING',null,1,'false',null,'&TENANT_ID');
        Insert into EMS_ANALYTICS_SEARCH_PARAMS (SEARCH_ID,NAME,PARAM_ATTRIBUTES,PARAM_TYPE,PARAM_VALUE_STR,PARAM_VALUE_CLOB,TENANT_ID) values (v_searchid,'TA_DONUT_WIDGET_TOP_N_CONFIG',null,2,null,'{}','&TENANT_ID');
        Insert into EMS_ANALYTICS_SEARCH_PARAMS (SEARCH_ID,NAME,PARAM_ATTRIBUTES,PARAM_TYPE,PARAM_VALUE_STR,PARAM_VALUE_CLOB,TENANT_ID) values (v_searchid,'TA_FUNNEL_WIDGET_CALLOUT',null,1,'none',null,'&TENANT_ID');
        Insert into EMS_ANALYTICS_SEARCH_PARAMS (SEARCH_ID,NAME,PARAM_ATTRIBUTES,PARAM_TYPE,PARAM_VALUE_STR,PARAM_VALUE_CLOB,TENANT_ID) values (v_searchid,'TA_FUNNEL_WIDGET_KEY_METRICS',null,2,null,'{"keyMetricsNameList":[],"otherKeyMetricsNameList":[]}','&TENANT_ID');
        Insert into EMS_ANALYTICS_SEARCH_PARAMS (SEARCH_ID,NAME,PARAM_ATTRIBUTES,PARAM_TYPE,PARAM_VALUE_STR,PARAM_VALUE_CLOB,TENANT_ID) values (v_searchid,'TA_FUNNEL_WIDGET_OTHER_METRICS_CRITERIA',null,2,null,'[]','&TENANT_ID');
        Insert into EMS_ANALYTICS_SEARCH_PARAMS (SEARCH_ID,NAME,PARAM_ATTRIBUTES,PARAM_TYPE,PARAM_VALUE_STR,PARAM_VALUE_CLOB,TENANT_ID) values (v_searchid,'TA_FUNNEL_WIDGET_SHOW_3D',null,1,'off',null,'&TENANT_ID');
        Insert into EMS_ANALYTICS_SEARCH_PARAMS (SEARCH_ID,NAME,PARAM_ATTRIBUTES,PARAM_TYPE,PARAM_VALUE_STR,PARAM_VALUE_CLOB,TENANT_ID) values (v_searchid,'TA_FUNNEL_WIDGET_SHOW_CALLOUT',null,1,'false',null,'&TENANT_ID');

        Insert into EMS_ANALYTICS_SEARCH_PARAMS (SEARCH_ID,NAME,PARAM_ATTRIBUTES,PARAM_TYPE,PARAM_VALUE_STR,PARAM_VALUE_CLOB,TENANT_ID) values (v_searchid,'TA_FUNNEL_WIDGET_SHOW_KEY_NAME_SELECTION',null,2,null,'["no"]','&TENANT_ID');
        Insert into EMS_ANALYTICS_SEARCH_PARAMS (SEARCH_ID,NAME,PARAM_ATTRIBUTES,PARAM_TYPE,PARAM_VALUE_STR,PARAM_VALUE_CLOB,TENANT_ID) values (v_searchid,'TA_FUNNEL_WIDGET_SHOW_ORIENTATION',null,1,'vertical',null,'&TENANT_ID');
        Insert into EMS_ANALYTICS_SEARCH_PARAMS (SEARCH_ID,NAME,PARAM_ATTRIBUTES,PARAM_TYPE,PARAM_VALUE_STR,PARAM_VALUE_CLOB,TENANT_ID) values (v_searchid,'TA_HISTOGRAM_INSIGHT_OPTION_KEY',null,1,'insights',null,'&TENANT_ID');
        Insert into EMS_ANALYTICS_SEARCH_PARAMS (SEARCH_ID,NAME,PARAM_ATTRIBUTES,PARAM_TYPE,PARAM_VALUE_STR,PARAM_VALUE_CLOB,TENANT_ID) values (v_searchid,'TA_HORI_SORT_COLUMN',null,1,'0',null,'&TENANT_ID');
        Insert into EMS_ANALYTICS_SEARCH_PARAMS (SEARCH_ID,NAME,PARAM_ATTRIBUTES,PARAM_TYPE,PARAM_VALUE_STR,PARAM_VALUE_CLOB,TENANT_ID) values (v_searchid,'TA_HORI_SORT_ORDER',null,1,'true',null,'&TENANT_ID');
        Insert into EMS_ANALYTICS_SEARCH_PARAMS (SEARCH_ID,NAME,PARAM_ATTRIBUTES,PARAM_TYPE,PARAM_VALUE_STR,PARAM_VALUE_CLOB,TENANT_ID) values (v_searchid,'TA_LINECHART_WIDGET_ENABLE_RANKING',null,1,'false',null,'&TENANT_ID');
        Insert into EMS_ANALYTICS_SEARCH_PARAMS (SEARCH_ID,NAME,PARAM_ATTRIBUTES,PARAM_TYPE,PARAM_VALUE_STR,PARAM_VALUE_CLOB,TENANT_ID) values (v_searchid,'TA_LINECHART_WIDGET_TOP_N_CONFIG',null,2,null,'{}','&TENANT_ID');
        Insert into EMS_ANALYTICS_SEARCH_PARAMS (SEARCH_ID,NAME,PARAM_ATTRIBUTES,PARAM_TYPE,PARAM_VALUE_STR,PARAM_VALUE_CLOB,TENANT_ID) values (v_searchid,'TA_LINE_CHART_WIDGET_SHOW_STACKED',null,1,'on',null,'&TENANT_ID');
        Insert into EMS_ANALYTICS_SEARCH_PARAMS (SEARCH_ID,NAME,PARAM_ATTRIBUTES,PARAM_TYPE,PARAM_VALUE_STR,PARAM_VALUE_CLOB,TENANT_ID) values (v_searchid,'TA_QDELINE_DISPLAY_OPTION_KEY',null,1,'["insights"]',null,'&TENANT_ID');
        Insert into EMS_ANALYTICS_SEARCH_PARAMS (SEARCH_ID,NAME,PARAM_ATTRIBUTES,PARAM_TYPE,PARAM_VALUE_STR,PARAM_VALUE_CLOB,TENANT_ID) values (v_searchid,'TA_QDELINE_TIME_PERIOD_KEY',null,1,'744',null,'&TENANT_ID');
        Insert into EMS_ANALYTICS_SEARCH_PARAMS (SEARCH_ID,NAME,PARAM_ATTRIBUTES,PARAM_TYPE,PARAM_VALUE_STR,PARAM_VALUE_CLOB,TENANT_ID) values (v_searchid,'TA_QDELINE_TIME_SERIES_CALLOUT_OPTION_KEY',null,1,'["no"]',null,'&TENANT_ID');
        Insert into EMS_ANALYTICS_SEARCH_PARAMS (SEARCH_ID,NAME,PARAM_ATTRIBUTES,PARAM_TYPE,PARAM_VALUE_STR,PARAM_VALUE_CLOB,TENANT_ID) values (v_searchid,'TA_QDELINE_TIME_SERIES_ENABLE_CALLOUT_OPTION_KEY',null,1,'["avg","min","max"]',null,'&TENANT_ID');
        Insert into EMS_ANALYTICS_SEARCH_PARAMS (SEARCH_ID,NAME,PARAM_ATTRIBUTES,PARAM_TYPE,PARAM_VALUE_STR,PARAM_VALUE_CLOB,TENANT_ID) values (v_searchid,'TA_STACKEDBAR_WIDGET_CALLOUT',null,1,'none',null,'&TENANT_ID');

        Insert into EMS_ANALYTICS_SEARCH_PARAMS (SEARCH_ID,NAME,PARAM_ATTRIBUTES,PARAM_TYPE,PARAM_VALUE_STR,PARAM_VALUE_CLOB,TENANT_ID) values (v_searchid,'TA_STACKEDBAR_WIDGET_ENABLE_RANKING',null,1,'false',null,'&TENANT_ID');
        Insert into EMS_ANALYTICS_SEARCH_PARAMS (SEARCH_ID,NAME,PARAM_ATTRIBUTES,PARAM_TYPE,PARAM_VALUE_STR,PARAM_VALUE_CLOB,TENANT_ID) values (v_searchid,'TA_STACKEDBAR_WIDGET_KEY_METRICS',null,2,null,'{"keyMetricsNameList":[],"otherKeyMetricsNameList":[]}','&TENANT_ID');
        Insert into EMS_ANALYTICS_SEARCH_PARAMS (SEARCH_ID,NAME,PARAM_ATTRIBUTES,PARAM_TYPE,PARAM_VALUE_STR,PARAM_VALUE_CLOB,TENANT_ID) values (v_searchid,'TA_STACKEDBAR_WIDGET_OTHER_METRICS_CRITERIA',null,2,null,'[]','&TENANT_ID');
        Insert into EMS_ANALYTICS_SEARCH_PARAMS (SEARCH_ID,NAME,PARAM_ATTRIBUTES,PARAM_TYPE,PARAM_VALUE_STR,PARAM_VALUE_CLOB,TENANT_ID) values (v_searchid,'TA_STACKEDBAR_WIDGET_SHARE_SAME_YAXIS',null,1,'false',null,'&TENANT_ID');
        Insert into EMS_ANALYTICS_SEARCH_PARAMS (SEARCH_ID,NAME,PARAM_ATTRIBUTES,PARAM_TYPE,PARAM_VALUE_STR,PARAM_VALUE_CLOB,TENANT_ID) values (v_searchid,'TA_STACKEDBAR_WIDGET_SHOW_CALLOUT',null,1,'false',null,'&TENANT_ID');
        Insert into EMS_ANALYTICS_SEARCH_PARAMS (SEARCH_ID,NAME,PARAM_ATTRIBUTES,PARAM_TYPE,PARAM_VALUE_STR,PARAM_VALUE_CLOB,TENANT_ID) values (v_searchid,'TA_STACKEDBAR_WIDGET_SHOW_KEY_NAME_SELECTION',null,2,null,'["no"]','&TENANT_ID');
        Insert into EMS_ANALYTICS_SEARCH_PARAMS (SEARCH_ID,NAME,PARAM_ATTRIBUTES,PARAM_TYPE,PARAM_VALUE_STR,PARAM_VALUE_CLOB,TENANT_ID) values (v_searchid,'TA_STACKEDBAR_WIDGET_SHOW_STACKED',null,1,'off',null,'&TENANT_ID');
        Insert into EMS_ANALYTICS_SEARCH_PARAMS (SEARCH_ID,NAME,PARAM_ATTRIBUTES,PARAM_TYPE,PARAM_VALUE_STR,PARAM_VALUE_CLOB,TENANT_ID) values (v_searchid,'TA_STACKEDBAR_WIDGET_TILE_SHOW_THRESHOLD',null,1,'false',null,'&TENANT_ID');
        Insert into EMS_ANALYTICS_SEARCH_PARAMS (SEARCH_ID,NAME,PARAM_ATTRIBUTES,PARAM_TYPE,PARAM_VALUE_STR,PARAM_VALUE_CLOB,TENANT_ID) values (v_searchid,'TA_STACKEDBAR_WIDGET_TOP_N_CONFIG',null,2,null,'{}','&TENANT_ID');
        Insert into EMS_ANALYTICS_SEARCH_PARAMS (SEARCH_ID,NAME,PARAM_ATTRIBUTES,PARAM_TYPE,PARAM_VALUE_STR,PARAM_VALUE_CLOB,TENANT_ID) values (v_searchid,'TA_TREEMAP_DISPLAY_OPTION_KEY',null,1,'["insights"]',null,'&TENANT_ID');
        Insert into EMS_ANALYTICS_SEARCH_PARAMS (SEARCH_ID,NAME,PARAM_ATTRIBUTES,PARAM_TYPE,PARAM_VALUE_STR,PARAM_VALUE_CLOB,TENANT_ID) values (v_searchid,'TA_TREEMAP_TOP_N_ROWS',null,1,'5000',null,'&TENANT_ID');
        Insert into EMS_ANALYTICS_SEARCH_PARAMS (SEARCH_ID,NAME,PARAM_ATTRIBUTES,PARAM_TYPE,PARAM_VALUE_STR,PARAM_VALUE_CLOB,TENANT_ID) values (v_searchid,'TA_TREEMAP_WIDGET_ENABLE_RANKING',null,1,'false',null,'&TENANT_ID');
        Insert into EMS_ANALYTICS_SEARCH_PARAMS (SEARCH_ID,NAME,PARAM_ATTRIBUTES,PARAM_TYPE,PARAM_VALUE_STR,PARAM_VALUE_CLOB,TENANT_ID) values (v_searchid,'TA_TREEMAP_WIDGET_TOP_N_CONFIG',null,2,null,'{}','&TENANT_ID');

        Insert into EMS_ANALYTICS_SEARCH_PARAMS (SEARCH_ID,NAME,PARAM_ATTRIBUTES,PARAM_TYPE,PARAM_VALUE_STR,PARAM_VALUE_CLOB,TENANT_ID) values (v_searchid,'TA_WIDGET_CALLOUT',null,1,'none',null,'&TENANT_ID');
        Insert into EMS_ANALYTICS_SEARCH_PARAMS (SEARCH_ID,NAME,PARAM_ATTRIBUTES,PARAM_TYPE,PARAM_VALUE_STR,PARAM_VALUE_CLOB,TENANT_ID) values (v_searchid,'TA_WIDGET_GAUGE_COLOR_VALUE',null,1,'#84bbe6',null,'&TENANT_ID');
        Insert into EMS_ANALYTICS_SEARCH_PARAMS (SEARCH_ID,NAME,PARAM_ATTRIBUTES,PARAM_TYPE,PARAM_VALUE_STR,PARAM_VALUE_CLOB,TENANT_ID) values (v_searchid,'TA_WIDGET_GAUGE_MAX_VALUE',null,1,'100',null,'&TENANT_ID');
        Insert into EMS_ANALYTICS_SEARCH_PARAMS (SEARCH_ID,NAME,PARAM_ATTRIBUTES,PARAM_TYPE,PARAM_VALUE_STR,PARAM_VALUE_CLOB,TENANT_ID) values (v_searchid,'TA_WIDGET_GAUGE_SELECTED_TILE',null,1,'emcta-tile-circular',null,'&TENANT_ID');
        Insert into EMS_ANALYTICS_SEARCH_PARAMS (SEARCH_ID,NAME,PARAM_ATTRIBUTES,PARAM_TYPE,PARAM_VALUE_STR,PARAM_VALUE_CLOB,TENANT_ID) values (v_searchid,'TA_WIDGET_GAUGE_SHOW_SPARK_CHART',null,1,'false',null,'&TENANT_ID');
        Insert into EMS_ANALYTICS_SEARCH_PARAMS (SEARCH_ID,NAME,PARAM_ATTRIBUTES,PARAM_TYPE,PARAM_VALUE_STR,PARAM_VALUE_CLOB,TENANT_ID) values (v_searchid,'TA_WIDGET_LABEL_SELECTED_TILE',null,1,'emcta-tile-label',null,'&TENANT_ID');
        Insert into EMS_ANALYTICS_SEARCH_PARAMS (SEARCH_ID,NAME,PARAM_ATTRIBUTES,PARAM_TYPE,PARAM_VALUE_STR,PARAM_VALUE_CLOB,TENANT_ID) values (v_searchid,'TA_WIDGET_LABEL_SHOW_SPARK_CHART',null,1,'true',null,'&TENANT_ID');
        Insert into EMS_ANALYTICS_SEARCH_PARAMS (SEARCH_ID,NAME,PARAM_ATTRIBUTES,PARAM_TYPE,PARAM_VALUE_STR,PARAM_VALUE_CLOB,TENANT_ID) values (v_searchid,'TA_WIDGET_LINE_CHART_CALLOUT',null,1,'none',null,'&TENANT_ID');
        Insert into EMS_ANALYTICS_SEARCH_PARAMS (SEARCH_ID,NAME,PARAM_ATTRIBUTES,PARAM_TYPE,PARAM_VALUE_STR,PARAM_VALUE_CLOB,TENANT_ID) values (v_searchid,'TA_WIDGET_LINE_CHART_SELECTED_TILE',null,1,'emcta-tile-line',null,'&TENANT_ID');
        Insert into EMS_ANALYTICS_SEARCH_PARAMS (SEARCH_ID,NAME,PARAM_ATTRIBUTES,PARAM_TYPE,PARAM_VALUE_STR,PARAM_VALUE_CLOB,TENANT_ID) values (v_searchid,'TA_WIDGET_LINE_CHART_SHOW_CALLOUT',null,1,'false',null,'&TENANT_ID');
        Insert into EMS_ANALYTICS_SEARCH_PARAMS (SEARCH_ID,NAME,PARAM_ATTRIBUTES,PARAM_TYPE,PARAM_VALUE_STR,PARAM_VALUE_CLOB,TENANT_ID) values (v_searchid,'TA_WIDGET_LINE_CHART_SHOW_STACKED',null,1,'on',null,'&TENANT_ID');
        Insert into EMS_ANALYTICS_SEARCH_PARAMS (SEARCH_ID,NAME,PARAM_ATTRIBUTES,PARAM_TYPE,PARAM_VALUE_STR,PARAM_VALUE_CLOB,TENANT_ID) values (v_searchid,'TA_WIDGET_LINE_CHART_TILE_SHOW_THRESHOLD',null,1,'false',null,'&TENANT_ID');
        Insert into EMS_ANALYTICS_SEARCH_PARAMS (SEARCH_ID,NAME,PARAM_ATTRIBUTES,PARAM_TYPE,PARAM_VALUE_STR,PARAM_VALUE_CLOB,TENANT_ID) values (v_searchid,'TA_WIDGET_METRIC_TABLE_CALLOUT',null,1,'none',null,'&TENANT_ID');

        Insert into EMS_ANALYTICS_SEARCH_PARAMS (SEARCH_ID,NAME,PARAM_ATTRIBUTES,PARAM_TYPE,PARAM_VALUE_STR,PARAM_VALUE_CLOB,TENANT_ID) values (v_searchid,'TA_WIDGET_METRIC_TABLE_SHOW_CALLOUT',null,1,'false',null,'&TENANT_ID');
        Insert into EMS_ANALYTICS_SEARCH_PARAMS (SEARCH_ID,NAME,PARAM_ATTRIBUTES,PARAM_TYPE,PARAM_VALUE_STR,PARAM_VALUE_CLOB,TENANT_ID) values (v_searchid,'TA_WIDGET_SELECTED_TILE',null,1,'emcta-tile-label',null,'&TENANT_ID');
        Insert into EMS_ANALYTICS_SEARCH_PARAMS (SEARCH_ID,NAME,PARAM_ATTRIBUTES,PARAM_TYPE,PARAM_VALUE_STR,PARAM_VALUE_CLOB,TENANT_ID) values (v_searchid,'TA_WIDGET_SHOW_CALLOUT',null,1,'false',null,'&TENANT_ID');
        Insert into EMS_ANALYTICS_SEARCH_PARAMS (SEARCH_ID,NAME,PARAM_ATTRIBUTES,PARAM_TYPE,PARAM_VALUE_STR,PARAM_VALUE_CLOB,TENANT_ID) values (v_searchid,'TA_WIDGET_SHOW_PERCENT_CHANGE',null,1,'true',null,'&TENANT_ID');
        Insert into EMS_ANALYTICS_SEARCH_PARAMS (SEARCH_ID,NAME,PARAM_ATTRIBUTES,PARAM_TYPE,PARAM_VALUE_STR,PARAM_VALUE_CLOB,TENANT_ID) values (v_searchid,'TA_WIDGET_SHOW_SPARK_CHART',null,1,'false',null,'&TENANT_ID');
        Insert into EMS_ANALYTICS_SEARCH_PARAMS (SEARCH_ID,NAME,PARAM_ATTRIBUTES,PARAM_TYPE,PARAM_VALUE_STR,PARAM_VALUE_CLOB,TENANT_ID) values (v_searchid,'TA_WIDGET_TILE_SHOW_THRESHOLD',null,1,'false',null,'&TENANT_ID');
        Insert into EMS_ANALYTICS_SEARCH_PARAMS (SEARCH_ID,NAME,PARAM_ATTRIBUTES,PARAM_TYPE,PARAM_VALUE_STR,PARAM_VALUE_CLOB,TENANT_ID) values (v_searchid,'TIME_SERIES_AREA_CALLOUT_OPTION_KEY',null,1,'["avg","min","max"]',null,'&TENANT_ID');
        Insert into EMS_ANALYTICS_SEARCH_PARAMS (SEARCH_ID,NAME,PARAM_ATTRIBUTES,PARAM_TYPE,PARAM_VALUE_STR,PARAM_VALUE_CLOB,TENANT_ID) values (v_searchid,'TIME_SERIES_AREA_DISPLAY_OPTION_KEY',null,1,'["insights"]',null,'&TENANT_ID');
        Insert into EMS_ANALYTICS_SEARCH_PARAMS (SEARCH_ID,NAME,PARAM_ATTRIBUTES,PARAM_TYPE,PARAM_VALUE_STR,PARAM_VALUE_CLOB,TENANT_ID) values (v_searchid,'TIME_SERIES_AREA_ENABLE_CALLOUT_OPTION_KEY',null,1,'["no"]',null,'&TENANT_ID');
        Insert into EMS_ANALYTICS_SEARCH_PARAMS (SEARCH_ID,NAME,PARAM_ATTRIBUTES,PARAM_TYPE,PARAM_VALUE_STR,PARAM_VALUE_CLOB,TENANT_ID) values (v_searchid,'TIME_SERIES_AREA_TIME_PERIOD_KEY',null,1,'744',null,'&TENANT_ID');
        Insert into EMS_ANALYTICS_SEARCH_PARAMS (SEARCH_ID,NAME,PARAM_ATTRIBUTES,PARAM_TYPE,PARAM_VALUE_STR,PARAM_VALUE_CLOB,TENANT_ID) values (v_searchid,'TIME_SERIES_AREA_WIDGET_ENABLE_RANKING',null,1,'false',null,'&TENANT_ID');
        Insert into EMS_ANALYTICS_SEARCH_PARAMS (SEARCH_ID,NAME,PARAM_ATTRIBUTES,PARAM_TYPE,PARAM_VALUE_STR,PARAM_VALUE_CLOB,TENANT_ID) values (v_searchid,'TIME_SERIES_AREA_WIDGET_TOP_N_CONFIG',null,2,null,'{}','&TENANT_ID');
        Insert into EMS_ANALYTICS_SEARCH_PARAMS (SEARCH_ID,NAME,PARAM_ATTRIBUTES,PARAM_TYPE,PARAM_VALUE_STR,PARAM_VALUE_CLOB,TENANT_ID) values (v_searchid,'TIME_SERIES_CALLOUT_OPTION_KEY',null,1,'["avg","min","max"]',null,'&TENANT_ID');

        Insert into EMS_ANALYTICS_SEARCH_PARAMS (SEARCH_ID,NAME,PARAM_ATTRIBUTES,PARAM_TYPE,PARAM_VALUE_STR,PARAM_VALUE_CLOB,TENANT_ID) values (v_searchid,'TIME_SERIES_DISPLAY_OPTION_KEY',null,1,'["insights"]',null,'&TENANT_ID');
        Insert into EMS_ANALYTICS_SEARCH_PARAMS (SEARCH_ID,NAME,PARAM_ATTRIBUTES,PARAM_TYPE,PARAM_VALUE_STR,PARAM_VALUE_CLOB,TENANT_ID) values (v_searchid,'TIME_SERIES_ENABLE_CALLOUT_OPTION_KEY',null,1,'["no"]',null,'&TENANT_ID');
        Insert into EMS_ANALYTICS_SEARCH_PARAMS (SEARCH_ID,NAME,PARAM_ATTRIBUTES,PARAM_TYPE,PARAM_VALUE_STR,PARAM_VALUE_CLOB,TENANT_ID) values (v_searchid,'TIME_SERIES_REFERENCE_LINE_NAME_KEY',null,1,'""',null,'&TENANT_ID');
        Insert into EMS_ANALYTICS_SEARCH_PARAMS (SEARCH_ID,NAME,PARAM_ATTRIBUTES,PARAM_TYPE,PARAM_VALUE_STR,PARAM_VALUE_CLOB,TENANT_ID) values (v_searchid,'TIME_SERIES_REFERENCE_LINE_OPTION_KEY',null,1,'"nameValue"',null,'&TENANT_ID');
        Insert into EMS_ANALYTICS_SEARCH_PARAMS (SEARCH_ID,NAME,PARAM_ATTRIBUTES,PARAM_TYPE,PARAM_VALUE_STR,PARAM_VALUE_CLOB,TENANT_ID) values (v_searchid,'TIME_SERIES_REFERENCE_LINE_VALUE_KEY',null,1,null,null,'&TENANT_ID');
        Insert into EMS_ANALYTICS_SEARCH_PARAMS (SEARCH_ID,NAME,PARAM_ATTRIBUTES,PARAM_TYPE,PARAM_VALUE_STR,PARAM_VALUE_CLOB,TENANT_ID) values (v_searchid,'TIME_SERIES_TIME_PERIOD_KEY',null,1,'744',null,'&TENANT_ID');
        Insert into EMS_ANALYTICS_SEARCH_PARAMS (SEARCH_ID,NAME,PARAM_ATTRIBUTES,PARAM_TYPE,PARAM_VALUE_STR,PARAM_VALUE_CLOB,TENANT_ID) values (v_searchid,'TOP_N_ROWS',null,1,'50',null,'&TENANT_ID');
        Insert into EMS_ANALYTICS_SEARCH_PARAMS (SEARCH_ID,NAME,PARAM_ATTRIBUTES,PARAM_TYPE,PARAM_VALUE_STR,PARAM_VALUE_CLOB,TENANT_ID) values (v_searchid,'VISUALIZATION_TYPE_KEY',null,1,'LINE',null,'&TENANT_ID');
        Insert into EMS_ANALYTICS_SEARCH_PARAMS (SEARCH_ID,NAME,PARAM_ATTRIBUTES,PARAM_TYPE,PARAM_VALUE_STR,PARAM_VALUE_CLOB,TENANT_ID) values (v_searchid,'WIDGET_ICON',null,1,'/../images/func_horibargraph_24_ena.png',null,'&TENANT_ID');
        Insert into EMS_ANALYTICS_SEARCH_PARAMS (SEARCH_ID,NAME,PARAM_ATTRIBUTES,PARAM_TYPE,PARAM_VALUE_STR,PARAM_VALUE_CLOB,TENANT_ID) values (v_searchid,'WIDGET_KOC_NAME',null,1,'emcta-visualization',null,'&TENANT_ID');
        Insert into EMS_ANALYTICS_SEARCH_PARAMS (SEARCH_ID,NAME,PARAM_ATTRIBUTES,PARAM_TYPE,PARAM_VALUE_STR,PARAM_VALUE_CLOB,TENANT_ID) values (v_searchid,'WIDGET_SOURCE',null,1,'1',null,'&TENANT_ID');
        Insert into EMS_ANALYTICS_SEARCH_PARAMS (SEARCH_ID,NAME,PARAM_ATTRIBUTES,PARAM_TYPE,PARAM_VALUE_STR,PARAM_VALUE_CLOB,TENANT_ID) values (v_searchid,'WIDGET_TEMPLATE',null,1,'/widget/visualizationWidget/visualizationWidget.html',null,'&TENANT_ID');
        Insert into EMS_ANALYTICS_SEARCH_PARAMS (SEARCH_ID,NAME,PARAM_ATTRIBUTES,PARAM_TYPE,PARAM_VALUE_STR,PARAM_VALUE_CLOB,TENANT_ID) values (v_searchid,'WIDGET_VIEWMODEL',null,1,'/widget/visualizationWidget/js/VisualizationWidget.js',null,'&TENANT_ID');
        
        insert into EMS_ANALYTICS_LAST_ACCESS(OBJECT_ID,ACCESSED_BY,OBJECT_TYPE,ACCESS_DATE,TENANT_ID) values (v_searchid,'ORACLE',2,SYS_EXTRACT_UTC(SYSTIMESTAMP),'&TENANT_ID');        

        DBMS_OUTPUT.PUT_LINE('OOB widget (id='||v_searchid||') is added');  
    ELSE
      DBMS_OUTPUT.PUT_LINE('OOB widget (id='||v_searchid||') exists, no need to add again');  
    END IF;  
    
    SELECT COUNT(1) INTO v_count FROM EMS_ANALYTICS_SEARCH WHERE search_id=v_searchid_2 AND TENANT_ID  ='&TENANT_ID';
    IF (v_count=0) THEN
        Insert into EMS_ANALYTICS_SEARCH
        (SEARCH_ID,NAME,OWNER,CREATION_DATE,LAST_MODIFICATION_DATE,LAST_MODIFIED_BY,DESCRIPTION,FOLDER_ID,CATEGORY_ID,NAME_NLSID,NAME_SUBSYSTEM,DESCRIPTION_NLSID,DESCRIPTION_SUBSYSTEM,SYSTEM_SEARCH,EM_PLUGIN_ID,IS_LOCKED,METADATA_CLOB,SEARCH_DISPLAY_STR,UI_HIDDEN,TENANT_ID,IS_WIDGET)
        values (v_searchid_2,'OMC WebLogic Server - Web Request Rate','ORACLE',SYS_EXTRACT_UTC(SYSTIMESTAMP),SYS_EXTRACT_UTC(SYSTIMESTAMP),'ORACLE','OMC WebLogic Server - Avg Web Request Rate by Hour',4,2,null,null,null,null,1,null,0,null,null,0,'&TENANT_ID',1);
        Insert into EMS_ANALYTICS_SEARCH_PARAMS (SEARCH_ID,NAME,PARAM_ATTRIBUTES,PARAM_TYPE,PARAM_VALUE_STR,PARAM_VALUE_CLOB,TENANT_ID) values (v_searchid_2,'TA_QDELINE_TIME_PERIOD_KEY',null,1,'744',null,'&TENANT_ID');
        Insert into EMS_ANALYTICS_SEARCH_PARAMS (SEARCH_ID,NAME,PARAM_ATTRIBUTES,PARAM_TYPE,PARAM_VALUE_STR,PARAM_VALUE_CLOB,TENANT_ID) values (v_searchid_2,'WIDGET_SOURCE',null,1,'1',null,'&TENANT_ID');
        Insert into EMS_ANALYTICS_SEARCH_PARAMS (SEARCH_ID,NAME,PARAM_ATTRIBUTES,PARAM_TYPE,PARAM_VALUE_STR,PARAM_VALUE_CLOB,TENANT_ID) values (v_searchid_2,'TA_WIDGET_SHOW_PERCENT_CHANGE',null,1,'true',null,'&TENANT_ID');
        Insert into EMS_ANALYTICS_SEARCH_PARAMS (SEARCH_ID,NAME,PARAM_ATTRIBUTES,PARAM_TYPE,PARAM_VALUE_STR,PARAM_VALUE_CLOB,TENANT_ID) values (v_searchid_2,'WIDGET_KOC_NAME',null,1,'emcta-visualization',null,'&TENANT_ID');
        Insert into EMS_ANALYTICS_SEARCH_PARAMS (SEARCH_ID,NAME,PARAM_ATTRIBUTES,PARAM_TYPE,PARAM_VALUE_STR,PARAM_VALUE_CLOB,TENANT_ID) values (v_searchid_2,'TA_WIDGET_SELECTED_TILE',null,1,'emcta-tile-label',null,'&TENANT_ID');
        Insert into EMS_ANALYTICS_SEARCH_PARAMS (SEARCH_ID,NAME,PARAM_ATTRIBUTES,PARAM_TYPE,PARAM_VALUE_STR,PARAM_VALUE_CLOB,TENANT_ID) values (v_searchid_2,'TA_WIDGET_TILE_SHOW_THRESHOLD',null,1,'false',null,'&TENANT_ID');
        Insert into EMS_ANALYTICS_SEARCH_PARAMS (SEARCH_ID,NAME,PARAM_ATTRIBUTES,PARAM_TYPE,PARAM_VALUE_STR,PARAM_VALUE_CLOB,TENANT_ID) values (v_searchid_2,'TA_TREEMAP_WIDGET_TOP_N_CONFIG',null,2,null,'{}','&TENANT_ID');
        Insert into EMS_ANALYTICS_SEARCH_PARAMS (SEARCH_ID,NAME,PARAM_ATTRIBUTES,PARAM_TYPE,PARAM_VALUE_STR,PARAM_VALUE_CLOB,TENANT_ID) values (v_searchid_2,'TA_WIDGET_SHOW_CALLOUT',null,1,'false',null,'&TENANT_ID');
        Insert into EMS_ANALYTICS_SEARCH_PARAMS (SEARCH_ID,NAME,PARAM_ATTRIBUTES,PARAM_TYPE,PARAM_VALUE_STR,PARAM_VALUE_CLOB,TENANT_ID) values (v_searchid_2,'TA_STACKEDBAR_WIDGET_SHARE_SAME_YAXIS',null,1,'false',null,'&TENANT_ID');
        Insert into EMS_ANALYTICS_SEARCH_PARAMS (SEARCH_ID,NAME,PARAM_ATTRIBUTES,PARAM_TYPE,PARAM_VALUE_STR,PARAM_VALUE_CLOB,TENANT_ID) values (v_searchid_2,'TA_LINECHART_WIDGET_TOP_N_CONFIG',null,2,null,'{}','&TENANT_ID');
        Insert into EMS_ANALYTICS_SEARCH_PARAMS (SEARCH_ID,NAME,PARAM_ATTRIBUTES,PARAM_TYPE,PARAM_VALUE_STR,PARAM_VALUE_CLOB,TENANT_ID) values (v_searchid_2,'TIME_SERIES_AREA_DISPLAY_OPTION_KEY',null,1,'["insights"]',null,'&TENANT_ID');
        Insert into EMS_ANALYTICS_SEARCH_PARAMS (SEARCH_ID,NAME,PARAM_ATTRIBUTES,PARAM_TYPE,PARAM_VALUE_STR,PARAM_VALUE_CLOB,TENANT_ID) values (v_searchid_2,'TA_STACKEDBAR_WIDGET_SHOW_CALLOUT',null,1,'false',null,'&TENANT_ID');
        Insert into EMS_ANALYTICS_SEARCH_PARAMS (SEARCH_ID,NAME,PARAM_ATTRIBUTES,PARAM_TYPE,PARAM_VALUE_STR,PARAM_VALUE_CLOB,TENANT_ID) values (v_searchid_2,'TA_HORI_SORT_ORDER',null,1,'true',null,'&TENANT_ID');

        Insert into EMS_ANALYTICS_SEARCH_PARAMS (SEARCH_ID,NAME,PARAM_ATTRIBUTES,PARAM_TYPE,PARAM_VALUE_STR,PARAM_VALUE_CLOB,TENANT_ID) values (v_searchid_2,'TIME_SERIES_AREA_CALLOUT_OPTION_KEY',null,1,'["avg","min","max"]',null,'&TENANT_ID');
        Insert into EMS_ANALYTICS_SEARCH_PARAMS (SEARCH_ID,NAME,PARAM_ATTRIBUTES,PARAM_TYPE,PARAM_VALUE_STR,PARAM_VALUE_CLOB,TENANT_ID) values (v_searchid_2,'PROVIDER_VERSION',null,1,'1.1',null,'&TENANT_ID');
        Insert into EMS_ANALYTICS_SEARCH_PARAMS (SEARCH_ID,NAME,PARAM_ATTRIBUTES,PARAM_TYPE,PARAM_VALUE_STR,PARAM_VALUE_CLOB,TENANT_ID) values (v_searchid_2,'VISUALIZATION_TYPE_KEY',null,1,'LINE',null,'&TENANT_ID');
        Insert into EMS_ANALYTICS_SEARCH_PARAMS (SEARCH_ID,NAME,PARAM_ATTRIBUTES,PARAM_TYPE,PARAM_VALUE_STR,PARAM_VALUE_CLOB,TENANT_ID) values (v_searchid_2,'TA_FUNNEL_WIDGET_SHOW_CALLOUT',null,1,'false',null,'&TENANT_ID');
        Insert into EMS_ANALYTICS_SEARCH_PARAMS (SEARCH_ID,NAME,PARAM_ATTRIBUTES,PARAM_TYPE,PARAM_VALUE_STR,PARAM_VALUE_CLOB,TENANT_ID) values (v_searchid_2,'TA_LINECHART_WIDGET_ENABLE_RANKING',null,1,'false',null,'&TENANT_ID');
        Insert into EMS_ANALYTICS_SEARCH_PARAMS (SEARCH_ID,NAME,PARAM_ATTRIBUTES,PARAM_TYPE,PARAM_VALUE_STR,PARAM_VALUE_CLOB,TENANT_ID) values (v_searchid_2,'TA_WIDGET_GAUGE_SELECTED_TILE',null,1,'emcta-tile-circular',null,'&TENANT_ID');
        Insert into EMS_ANALYTICS_SEARCH_PARAMS (SEARCH_ID,NAME,PARAM_ATTRIBUTES,PARAM_TYPE,PARAM_VALUE_STR,PARAM_VALUE_CLOB,TENANT_ID) values (v_searchid_2,'TA_WIDGET_SHOW_SPARK_CHART',null,1,'false',null,'&TENANT_ID');
        Insert into EMS_ANALYTICS_SEARCH_PARAMS (SEARCH_ID,NAME,PARAM_ATTRIBUTES,PARAM_TYPE,PARAM_VALUE_STR,PARAM_VALUE_CLOB,TENANT_ID) values (v_searchid_2,'TA_HORI_SORT_COLUMN',null,1,'0',null,'&TENANT_ID');
        Insert into EMS_ANALYTICS_SEARCH_PARAMS (SEARCH_ID,NAME,PARAM_ATTRIBUTES,PARAM_TYPE,PARAM_VALUE_STR,PARAM_VALUE_CLOB,TENANT_ID) values (v_searchid_2,'TIME_SERIES_ENABLE_CALLOUT_OPTION_KEY',null,1,'["no"]',null,'&TENANT_ID');
        Insert into EMS_ANALYTICS_SEARCH_PARAMS (SEARCH_ID,NAME,PARAM_ATTRIBUTES,PARAM_TYPE,PARAM_VALUE_STR,PARAM_VALUE_CLOB,TENANT_ID) values (v_searchid_2,'TA_WIDGET_GAUGE_MAX_VALUE',null,1,'100',null,'&TENANT_ID');
        Insert into EMS_ANALYTICS_SEARCH_PARAMS (SEARCH_ID,NAME,PARAM_ATTRIBUTES,PARAM_TYPE,PARAM_VALUE_STR,PARAM_VALUE_CLOB,TENANT_ID) values (v_searchid_2,'WIDGET_ICON',null,1,'/../images/func_horibargraph_24_ena.png',null,'&TENANT_ID');
        Insert into EMS_ANALYTICS_SEARCH_PARAMS (SEARCH_ID,NAME,PARAM_ATTRIBUTES,PARAM_TYPE,PARAM_VALUE_STR,PARAM_VALUE_CLOB,TENANT_ID) values (v_searchid_2,'TIME_SERIES_CALLOUT_OPTION_KEY',null,1,'["avg","min","max"]',null,'&TENANT_ID');
        Insert into EMS_ANALYTICS_SEARCH_PARAMS (SEARCH_ID,NAME,PARAM_ATTRIBUTES,PARAM_TYPE,PARAM_VALUE_STR,PARAM_VALUE_CLOB,TENANT_ID) values (v_searchid_2,'TA_CORRELATION_TIME_PERIOD_KEY',null,1,'744',null,'&TENANT_ID');

        Insert into EMS_ANALYTICS_SEARCH_PARAMS (SEARCH_ID,NAME,PARAM_ATTRIBUTES,PARAM_TYPE,PARAM_VALUE_STR,PARAM_VALUE_CLOB,TENANT_ID) values (v_searchid_2,'TIME_SERIES_REFERENCE_LINE_VALUE_KEY',null,1,null,null,'&TENANT_ID');
        Insert into EMS_ANALYTICS_SEARCH_PARAMS (SEARCH_ID,NAME,PARAM_ATTRIBUTES,PARAM_TYPE,PARAM_VALUE_STR,PARAM_VALUE_CLOB,TENANT_ID) values (v_searchid_2,'TA_STACKEDBAR_WIDGET_SHOW_KEY_NAME_SELECTION',null,2,null,'["no"]','&TENANT_ID');
        Insert into EMS_ANALYTICS_SEARCH_PARAMS (SEARCH_ID,NAME,PARAM_ATTRIBUTES,PARAM_TYPE,PARAM_VALUE_STR,PARAM_VALUE_CLOB,TENANT_ID) values (v_searchid_2,'TA_TREEMAP_DISPLAY_OPTION_KEY',null,1,'["insights"]',null,'&TENANT_ID');
        Insert into EMS_ANALYTICS_SEARCH_PARAMS (SEARCH_ID,NAME,PARAM_ATTRIBUTES,PARAM_TYPE,PARAM_VALUE_STR,PARAM_VALUE_CLOB,TENANT_ID) values (v_searchid_2,'TA_TREEMAP_WIDGET_ENABLE_RANKING',null,1,'false',null,'&TENANT_ID');
        Insert into EMS_ANALYTICS_SEARCH_PARAMS (SEARCH_ID,NAME,PARAM_ATTRIBUTES,PARAM_TYPE,PARAM_VALUE_STR,PARAM_VALUE_CLOB,TENANT_ID) values (v_searchid_2,'TA_WIDGET_LABEL_SELECTED_TILE',null,1,'emcta-tile-label',null,'&TENANT_ID');
        Insert into EMS_ANALYTICS_SEARCH_PARAMS (SEARCH_ID,NAME,PARAM_ATTRIBUTES,PARAM_TYPE,PARAM_VALUE_STR,PARAM_VALUE_CLOB,TENANT_ID) values (v_searchid_2,'TA_FUNNEL_WIDGET_OTHER_METRICS_CRITERIA',null,2,null,'[]','&TENANT_ID');
        Insert into EMS_ANALYTICS_SEARCH_PARAMS (SEARCH_ID,NAME,PARAM_ATTRIBUTES,PARAM_TYPE,PARAM_VALUE_STR,PARAM_VALUE_CLOB,TENANT_ID) values (v_searchid_2,'TA_STACKEDBAR_WIDGET_SHOW_STACKED',null,1,'off',null,'&TENANT_ID');
        Insert into EMS_ANALYTICS_SEARCH_PARAMS (SEARCH_ID,NAME,PARAM_ATTRIBUTES,PARAM_TYPE,PARAM_VALUE_STR,PARAM_VALUE_CLOB,TENANT_ID) values (v_searchid_2,'TA_WIDGET_CALLOUT',null,1,'none',null,'&TENANT_ID');
        Insert into EMS_ANALYTICS_SEARCH_PARAMS (SEARCH_ID,NAME,PARAM_ATTRIBUTES,PARAM_TYPE,PARAM_VALUE_STR,PARAM_VALUE_CLOB,TENANT_ID) values (v_searchid_2,'TA_FUNNEL_WIDGET_KEY_METRICS',null,2,null,'{"keyMetricsNameList":[],"otherKeyMetricsNameList":[]}','&TENANT_ID');
        Insert into EMS_ANALYTICS_SEARCH_PARAMS (SEARCH_ID,NAME,PARAM_ATTRIBUTES,PARAM_TYPE,PARAM_VALUE_STR,PARAM_VALUE_CLOB,TENANT_ID) values (v_searchid_2,'TA_WIDGET_LINE_CHART_SELECTED_TILE',null,1,'emcta-tile-line',null,'&TENANT_ID');
        Insert into EMS_ANALYTICS_SEARCH_PARAMS (SEARCH_ID,NAME,PARAM_ATTRIBUTES,PARAM_TYPE,PARAM_VALUE_STR,PARAM_VALUE_CLOB,TENANT_ID) values (v_searchid_2,'TA_FUNNEL_WIDGET_CALLOUT',null,1,'none',null,'&TENANT_ID');
        Insert into EMS_ANALYTICS_SEARCH_PARAMS (SEARCH_ID,NAME,PARAM_ATTRIBUTES,PARAM_TYPE,PARAM_VALUE_STR,PARAM_VALUE_CLOB,TENANT_ID) values (v_searchid_2,'TA_WIDGET_LINE_CHART_SHOW_CALLOUT',null,1,'false',null,'&TENANT_ID');
        Insert into EMS_ANALYTICS_SEARCH_PARAMS (SEARCH_ID,NAME,PARAM_ATTRIBUTES,PARAM_TYPE,PARAM_VALUE_STR,PARAM_VALUE_CLOB,TENANT_ID) values (v_searchid_2,'TIME_SERIES_AREA_WIDGET_ENABLE_RANKING',null,1,'false',null,'&TENANT_ID');

        Insert into EMS_ANALYTICS_SEARCH_PARAMS (SEARCH_ID,NAME,PARAM_ATTRIBUTES,PARAM_TYPE,PARAM_VALUE_STR,PARAM_VALUE_CLOB,TENANT_ID) values (v_searchid_2,'TIME_SERIES_DISPLAY_OPTION_KEY',null,1,'["insights"]',null,'&TENANT_ID');
        Insert into EMS_ANALYTICS_SEARCH_PARAMS (SEARCH_ID,NAME,PARAM_ATTRIBUTES,PARAM_TYPE,PARAM_VALUE_STR,PARAM_VALUE_CLOB,TENANT_ID) values (v_searchid_2,'TIME_SERIES_AREA_WIDGET_TOP_N_CONFIG',null,2,null,'{}','&TENANT_ID');
        Insert into EMS_ANALYTICS_SEARCH_PARAMS (SEARCH_ID,NAME,PARAM_ATTRIBUTES,PARAM_TYPE,PARAM_VALUE_STR,PARAM_VALUE_CLOB,TENANT_ID) values (v_searchid_2,'TA_FUNNEL_WIDGET_SHOW_3D',null,1,'off',null,'&TENANT_ID');
        Insert into EMS_ANALYTICS_SEARCH_PARAMS (SEARCH_ID,NAME,PARAM_ATTRIBUTES,PARAM_TYPE,PARAM_VALUE_STR,PARAM_VALUE_CLOB,TENANT_ID) values (v_searchid_2,'TA_WIDGET_METRIC_TABLE_CALLOUT',null,1,'none',null,'&TENANT_ID');
        Insert into EMS_ANALYTICS_SEARCH_PARAMS (SEARCH_ID,NAME,PARAM_ATTRIBUTES,PARAM_TYPE,PARAM_VALUE_STR,PARAM_VALUE_CLOB,TENANT_ID) values (v_searchid_2,'TA_TREEMAP_TOP_N_ROWS',null,1,'5000',null,'&TENANT_ID');
        Insert into EMS_ANALYTICS_SEARCH_PARAMS (SEARCH_ID,NAME,PARAM_ATTRIBUTES,PARAM_TYPE,PARAM_VALUE_STR,PARAM_VALUE_CLOB,TENANT_ID) values (v_searchid_2,'TIME_SERIES_AREA_TIME_PERIOD_KEY',null,1,'744',null,'&TENANT_ID');
        Insert into EMS_ANALYTICS_SEARCH_PARAMS (SEARCH_ID,NAME,PARAM_ATTRIBUTES,PARAM_TYPE,PARAM_VALUE_STR,PARAM_VALUE_CLOB,TENANT_ID) values (v_searchid_2,'TOP_N_ROWS',null,1,'50',null,'&TENANT_ID');
        Insert into EMS_ANALYTICS_SEARCH_PARAMS (SEARCH_ID,NAME,PARAM_ATTRIBUTES,PARAM_TYPE,PARAM_VALUE_STR,PARAM_VALUE_CLOB,TENANT_ID) values (v_searchid_2,'TA_FUNNEL_WIDGET_SHOW_KEY_NAME_SELECTION',null,2,null,'["no"]','&TENANT_ID');
        Insert into EMS_ANALYTICS_SEARCH_PARAMS (SEARCH_ID,NAME,PARAM_ATTRIBUTES,PARAM_TYPE,PARAM_VALUE_STR,PARAM_VALUE_CLOB,TENANT_ID) values (v_searchid_2,'TA_WIDGET_LINE_CHART_TILE_SHOW_THRESHOLD',null,1,'false',null,'&TENANT_ID');
        Insert into EMS_ANALYTICS_SEARCH_PARAMS (SEARCH_ID,NAME,PARAM_ATTRIBUTES,PARAM_TYPE,PARAM_VALUE_STR,PARAM_VALUE_CLOB,TENANT_ID) values (v_searchid_2,'TA_CRITERIA',null,2,null,'{"version":0.5,"criteria":[{"jsonConstructor":"TargetTypeSearchCriterion","data":{"_id":"target_type","_value":{"jsonConstructor":"CriterionExpression","data":{"type":"in","values":[{"jsonConstructor":"CriterionValue","data":{"value":"omc_weblogic_j2eeserver","metadata":{"category":false},"displayValue":"OMC WebLogic Server"}}]}},"dataType":"string","_displayName":"Target Type","displayDetails":null,"role":"filter","func":null,"UIProperties":{"useForSort":false}}},{"jsonConstructor":"MetricGroupSearchCriterion","data":{"_id":"omc_web_application_server_WebRequests_serviceThroughput_","_value":null,"dataType":"number","_displayName":"Web Request Rate","displayDetails":"Web Requests","role":"y-axis ","func":"mean","UIProperties":{},"targetType":"omc_web_application_server","unitStr":"OMC_SYS_STANDARD_RATE_OPERATIONMINUTE","mcName":"serviceThroughput","mgName":"WebRequests","mgDisplayName":"Web Requests","isKey":0,"groupKeyColumns":[],"measures":[{"subject":"OMC_WEB_APPLICATION_SERVER","cube":"OMC_WEB_APPLICATION_SERVER-WEBREQUESTS","name":"SERVICETHROUGHPUT","metricSourceType":1,"displayName":"Web Request Rate","cubeDisplayName":"Web Requests","mgName":"WebRequests","mcName":"serviceThroughput"}],"isConfig":0,"isCurated":true}}]}','&TENANT_ID');
        Insert into EMS_ANALYTICS_SEARCH_PARAMS (SEARCH_ID,NAME,PARAM_ATTRIBUTES,PARAM_TYPE,PARAM_VALUE_STR,PARAM_VALUE_CLOB,TENANT_ID) values (v_searchid_2,'TIME_SERIES_REFERENCE_LINE_NAME_KEY',null,1,'""',null,'&TENANT_ID');
        Insert into EMS_ANALYTICS_SEARCH_PARAMS (SEARCH_ID,NAME,PARAM_ATTRIBUTES,PARAM_TYPE,PARAM_VALUE_STR,PARAM_VALUE_CLOB,TENANT_ID) values (v_searchid_2,'TA_WIDGET_LINE_CHART_CALLOUT',null,1,'none',null,'&TENANT_ID');
        Insert into EMS_ANALYTICS_SEARCH_PARAMS (SEARCH_ID,NAME,PARAM_ATTRIBUTES,PARAM_TYPE,PARAM_VALUE_STR,PARAM_VALUE_CLOB,TENANT_ID) values (v_searchid_2,'TA_QDELINE_DISPLAY_OPTION_KEY',null,1,'["insights"]',null,'&TENANT_ID');

        Insert into EMS_ANALYTICS_SEARCH_PARAMS (SEARCH_ID,NAME,PARAM_ATTRIBUTES,PARAM_TYPE,PARAM_VALUE_STR,PARAM_VALUE_CLOB,TENANT_ID) values (v_searchid_2,'SELECTED_TIME_RANGE',null,1,'[1465378680000,1466588280000]',null,'&TENANT_ID');
        Insert into EMS_ANALYTICS_SEARCH_PARAMS (SEARCH_ID,NAME,PARAM_ATTRIBUTES,PARAM_TYPE,PARAM_VALUE_STR,PARAM_VALUE_CLOB,TENANT_ID) values (v_searchid_2,'TA_STACKEDBAR_WIDGET_CALLOUT',null,1,'none',null,'&TENANT_ID');
        Insert into EMS_ANALYTICS_SEARCH_PARAMS (SEARCH_ID,NAME,PARAM_ATTRIBUTES,PARAM_TYPE,PARAM_VALUE_STR,PARAM_VALUE_CLOB,TENANT_ID) values (v_searchid_2,'TA_FUNNEL_WIDGET_SHOW_ORIENTATION',null,1,'vertical',null,'&TENANT_ID');
        Insert into EMS_ANALYTICS_SEARCH_PARAMS (SEARCH_ID,NAME,PARAM_ATTRIBUTES,PARAM_TYPE,PARAM_VALUE_STR,PARAM_VALUE_CLOB,TENANT_ID) values (v_searchid_2,'TA_STACKEDBAR_WIDGET_ENABLE_RANKING',null,1,'false',null,'&TENANT_ID');
        Insert into EMS_ANALYTICS_SEARCH_PARAMS (SEARCH_ID,NAME,PARAM_ATTRIBUTES,PARAM_TYPE,PARAM_VALUE_STR,PARAM_VALUE_CLOB,TENANT_ID) values (v_searchid_2,'PROVIDER_ASSET_ROOT',null,1,'assetRoot',null,'&TENANT_ID');
        Insert into EMS_ANALYTICS_SEARCH_PARAMS (SEARCH_ID,NAME,PARAM_ATTRIBUTES,PARAM_TYPE,PARAM_VALUE_STR,PARAM_VALUE_CLOB,TENANT_ID) values (v_searchid_2,'TA_HISTOGRAM_INSIGHT_OPTION_KEY',null,1,'insights',null,'&TENANT_ID');
        Insert into EMS_ANALYTICS_SEARCH_PARAMS (SEARCH_ID,NAME,PARAM_ATTRIBUTES,PARAM_TYPE,PARAM_VALUE_STR,PARAM_VALUE_CLOB,TENANT_ID) values (v_searchid_2,'TA_WIDGET_LABEL_SHOW_SPARK_CHART',null,1,'true',null,'&TENANT_ID');
        Insert into EMS_ANALYTICS_SEARCH_PARAMS (SEARCH_ID,NAME,PARAM_ATTRIBUTES,PARAM_TYPE,PARAM_VALUE_STR,PARAM_VALUE_CLOB,TENANT_ID) values (v_searchid_2,'PROVIDER_NAME',null,1,'TargetAnalytics',null,'&TENANT_ID');
        Insert into EMS_ANALYTICS_SEARCH_PARAMS (SEARCH_ID,NAME,PARAM_ATTRIBUTES,PARAM_TYPE,PARAM_VALUE_STR,PARAM_VALUE_CLOB,TENANT_ID) values (v_searchid_2,'TA_LINE_CHART_WIDGET_SHOW_STACKED',null,1,'on',null,'&TENANT_ID');
        Insert into EMS_ANALYTICS_SEARCH_PARAMS (SEARCH_ID,NAME,PARAM_ATTRIBUTES,PARAM_TYPE,PARAM_VALUE_STR,PARAM_VALUE_CLOB,TENANT_ID) values (v_searchid_2,'TA_WIDGET_LINE_CHART_SHOW_STACKED',null,1,'on',null,'&TENANT_ID');
        Insert into EMS_ANALYTICS_SEARCH_PARAMS (SEARCH_ID,NAME,PARAM_ATTRIBUTES,PARAM_TYPE,PARAM_VALUE_STR,PARAM_VALUE_CLOB,TENANT_ID) values (v_searchid_2,'TA_STACKEDBAR_WIDGET_KEY_METRICS',null,2,null,'{"keyMetricsNameList":[],"otherKeyMetricsNameList":[]}','&TENANT_ID');
        Insert into EMS_ANALYTICS_SEARCH_PARAMS (SEARCH_ID,NAME,PARAM_ATTRIBUTES,PARAM_TYPE,PARAM_VALUE_STR,PARAM_VALUE_CLOB,TENANT_ID) values (v_searchid_2,'WIDGET_TEMPLATE',null,1,'/widget/visualizationWidget/visualizationWidget.html',null,'&TENANT_ID');
        Insert into EMS_ANALYTICS_SEARCH_PARAMS (SEARCH_ID,NAME,PARAM_ATTRIBUTES,PARAM_TYPE,PARAM_VALUE_STR,PARAM_VALUE_CLOB,TENANT_ID) values (v_searchid_2,'TA_WIDGET_METRIC_TABLE_SHOW_CALLOUT',null,1,'false',null,'&TENANT_ID');

        Insert into EMS_ANALYTICS_SEARCH_PARAMS (SEARCH_ID,NAME,PARAM_ATTRIBUTES,PARAM_TYPE,PARAM_VALUE_STR,PARAM_VALUE_CLOB,TENANT_ID) values (v_searchid_2,'TA_QDELINE_TIME_SERIES_ENABLE_CALLOUT_OPTION_KEY',null,1,'["avg","min","max"]',null,'&TENANT_ID');
        Insert into EMS_ANALYTICS_SEARCH_PARAMS (SEARCH_ID,NAME,PARAM_ATTRIBUTES,PARAM_TYPE,PARAM_VALUE_STR,PARAM_VALUE_CLOB,TENANT_ID) values (v_searchid_2,'TA_STACKEDBAR_WIDGET_TOP_N_CONFIG',null,2,null,'{}','&TENANT_ID');
        Insert into EMS_ANALYTICS_SEARCH_PARAMS (SEARCH_ID,NAME,PARAM_ATTRIBUTES,PARAM_TYPE,PARAM_VALUE_STR,PARAM_VALUE_CLOB,TENANT_ID) values (v_searchid_2,'TIME_SERIES_AREA_ENABLE_CALLOUT_OPTION_KEY',null,1,'["no"]',null,'&TENANT_ID');
        Insert into EMS_ANALYTICS_SEARCH_PARAMS (SEARCH_ID,NAME,PARAM_ATTRIBUTES,PARAM_TYPE,PARAM_VALUE_STR,PARAM_VALUE_CLOB,TENANT_ID) values (v_searchid_2,'TIME_SERIES_REFERENCE_LINE_OPTION_KEY',null,1,'"nameValue"',null,'&TENANT_ID');
        Insert into EMS_ANALYTICS_SEARCH_PARAMS (SEARCH_ID,NAME,PARAM_ATTRIBUTES,PARAM_TYPE,PARAM_VALUE_STR,PARAM_VALUE_CLOB,TENANT_ID) values (v_searchid_2,'TA_DONUT_WIDGET_TOP_N_CONFIG',null,2,null,'{}','&TENANT_ID');
        Insert into EMS_ANALYTICS_SEARCH_PARAMS (SEARCH_ID,NAME,PARAM_ATTRIBUTES,PARAM_TYPE,PARAM_VALUE_STR,PARAM_VALUE_CLOB,TENANT_ID) values (v_searchid_2,'TIME_SERIES_TIME_PERIOD_KEY',null,1,'744',null,'&TENANT_ID');
        Insert into EMS_ANALYTICS_SEARCH_PARAMS (SEARCH_ID,NAME,PARAM_ATTRIBUTES,PARAM_TYPE,PARAM_VALUE_STR,PARAM_VALUE_CLOB,TENANT_ID) values (v_searchid_2,'TA_STACKEDBAR_WIDGET_TILE_SHOW_THRESHOLD',null,1,'false',null,'&TENANT_ID');
        Insert into EMS_ANALYTICS_SEARCH_PARAMS (SEARCH_ID,NAME,PARAM_ATTRIBUTES,PARAM_TYPE,PARAM_VALUE_STR,PARAM_VALUE_CLOB,TENANT_ID) values (v_searchid_2,'TA_STACKEDBAR_WIDGET_OTHER_METRICS_CRITERIA',null,2,null,'[]','&TENANT_ID');
        Insert into EMS_ANALYTICS_SEARCH_PARAMS (SEARCH_ID,NAME,PARAM_ATTRIBUTES,PARAM_TYPE,PARAM_VALUE_STR,PARAM_VALUE_CLOB,TENANT_ID) values (v_searchid_2,'TA_DONUT_WIDGET_ENABLE_RANKING',null,1,'false',null,'&TENANT_ID');
        Insert into EMS_ANALYTICS_SEARCH_PARAMS (SEARCH_ID,NAME,PARAM_ATTRIBUTES,PARAM_TYPE,PARAM_VALUE_STR,PARAM_VALUE_CLOB,TENANT_ID) values (v_searchid_2,'WIDGET_VIEWMODEL',null,1,'/widget/visualizationWidget/js/VisualizationWidget.js',null,'&TENANT_ID');
        Insert into EMS_ANALYTICS_SEARCH_PARAMS (SEARCH_ID,NAME,PARAM_ATTRIBUTES,PARAM_TYPE,PARAM_VALUE_STR,PARAM_VALUE_CLOB,TENANT_ID) values (v_searchid_2,'TA_WIDGET_GAUGE_SHOW_SPARK_CHART',null,1,'false',null,'&TENANT_ID');
        Insert into EMS_ANALYTICS_SEARCH_PARAMS (SEARCH_ID,NAME,PARAM_ATTRIBUTES,PARAM_TYPE,PARAM_VALUE_STR,PARAM_VALUE_CLOB,TENANT_ID) values (v_searchid_2,'TA_WIDGET_GAUGE_COLOR_VALUE',null,1,'#84bbe6',null,'&TENANT_ID');
        Insert into EMS_ANALYTICS_SEARCH_PARAMS (SEARCH_ID,NAME,PARAM_ATTRIBUTES,PARAM_TYPE,PARAM_VALUE_STR,PARAM_VALUE_CLOB,TENANT_ID) values (v_searchid_2,'TA_QDELINE_TIME_SERIES_CALLOUT_OPTION_KEY',null,1,'["no"]',null,'&TENANT_ID');

        insert into EMS_ANALYTICS_LAST_ACCESS(OBJECT_ID,ACCESSED_BY,OBJECT_TYPE,ACCESS_DATE,TENANT_ID) values (v_searchid_2,'ORACLE',2,SYS_EXTRACT_UTC(SYSTIMESTAMP),'&TENANT_ID');        

        DBMS_OUTPUT.PUT_LINE('OOB widget (id='||v_searchid_2||') is added');  
    ELSE
      DBMS_OUTPUT.PUT_LINE('OOB widget (id='||v_searchid_2||') exists, no need to add again');  
    END IF;  
    
    SELECT COUNT(1) INTO v_count FROM EMS_ANALYTICS_SEARCH WHERE search_id=v_searchid_3 AND TENANT_ID  ='&TENANT_ID';
    IF (v_count=0) THEN
        Insert into EMS_ANALYTICS_SEARCH
        (SEARCH_ID,NAME,OWNER,CREATION_DATE,LAST_MODIFICATION_DATE,LAST_MODIFIED_BY,DESCRIPTION,FOLDER_ID,CATEGORY_ID,NAME_NLSID,NAME_SUBSYSTEM,DESCRIPTION_NLSID,DESCRIPTION_SUBSYSTEM,SYSTEM_SEARCH,EM_PLUGIN_ID,IS_LOCKED,METADATA_CLOB,SEARCH_DISPLAY_STR,UI_HIDDEN,TENANT_ID,IS_WIDGET)
        values (v_searchid_3,'OMC Host CPU Utilization','ORACLE',SYS_EXTRACT_UTC(SYSTIMESTAMP),SYS_EXTRACT_UTC(SYSTIMESTAMP),'ORACLE','OMC Host - Avg CPU Utilization by Hour',4,2,null,null,null,null,1,null,0,null,null,0,'&TENANT_ID',1);
        Insert into EMS_ANALYTICS_SEARCH_PARAMS (SEARCH_ID,NAME,PARAM_ATTRIBUTES,PARAM_TYPE,PARAM_VALUE_STR,PARAM_VALUE_CLOB,TENANT_ID) values (v_searchid_3,'TA_STACKEDBAR_WIDGET_SHOW_STACKED',null,1,'off',null,'&TENANT_ID');
        Insert into EMS_ANALYTICS_SEARCH_PARAMS (SEARCH_ID,NAME,PARAM_ATTRIBUTES,PARAM_TYPE,PARAM_VALUE_STR,PARAM_VALUE_CLOB,TENANT_ID) values (v_searchid_3,'VISUALIZATION_TYPE_KEY',null,1,'LINE',null,'&TENANT_ID');
        Insert into EMS_ANALYTICS_SEARCH_PARAMS (SEARCH_ID,NAME,PARAM_ATTRIBUTES,PARAM_TYPE,PARAM_VALUE_STR,PARAM_VALUE_CLOB,TENANT_ID) values (v_searchid_3,'TA_WIDGET_SHOW_PERCENT_CHANGE',null,1,'true',null,'&TENANT_ID');
        Insert into EMS_ANALYTICS_SEARCH_PARAMS (SEARCH_ID,NAME,PARAM_ATTRIBUTES,PARAM_TYPE,PARAM_VALUE_STR,PARAM_VALUE_CLOB,TENANT_ID) values (v_searchid_3,'TIME_SERIES_AREA_CALLOUT_OPTION_KEY',null,1,'["avg","min","max"]',null,'&TENANT_ID');
        Insert into EMS_ANALYTICS_SEARCH_PARAMS (SEARCH_ID,NAME,PARAM_ATTRIBUTES,PARAM_TYPE,PARAM_VALUE_STR,PARAM_VALUE_CLOB,TENANT_ID) values (v_searchid_3,'TA_TREEMAP_WIDGET_ENABLE_RANKING',null,1,'false',null,'&TENANT_ID');
        Insert into EMS_ANALYTICS_SEARCH_PARAMS (SEARCH_ID,NAME,PARAM_ATTRIBUTES,PARAM_TYPE,PARAM_VALUE_STR,PARAM_VALUE_CLOB,TENANT_ID) values (v_searchid_3,'TIME_SERIES_AREA_WIDGET_ENABLE_RANKING',null,1,'false',null,'&TENANT_ID');
        Insert into EMS_ANALYTICS_SEARCH_PARAMS (SEARCH_ID,NAME,PARAM_ATTRIBUTES,PARAM_TYPE,PARAM_VALUE_STR,PARAM_VALUE_CLOB,TENANT_ID) values (v_searchid_3,'TA_WIDGET_METRIC_TABLE_SHOW_CALLOUT',null,1,'false',null,'&TENANT_ID');
        Insert into EMS_ANALYTICS_SEARCH_PARAMS (SEARCH_ID,NAME,PARAM_ATTRIBUTES,PARAM_TYPE,PARAM_VALUE_STR,PARAM_VALUE_CLOB,TENANT_ID) values (v_searchid_3,'WIDGET_ICON',null,1,'/../images/func_horibargraph_24_ena.png',null,'&TENANT_ID');
        Insert into EMS_ANALYTICS_SEARCH_PARAMS (SEARCH_ID,NAME,PARAM_ATTRIBUTES,PARAM_TYPE,PARAM_VALUE_STR,PARAM_VALUE_CLOB,TENANT_ID) values (v_searchid_3,'TA_LINECHART_WIDGET_ENABLE_RANKING',null,1,'false',null,'&TENANT_ID');
        Insert into EMS_ANALYTICS_SEARCH_PARAMS (SEARCH_ID,NAME,PARAM_ATTRIBUTES,PARAM_TYPE,PARAM_VALUE_STR,PARAM_VALUE_CLOB,TENANT_ID) values (v_searchid_3,'TA_WIDGET_LINE_CHART_CALLOUT',null,1,'none',null,'&TENANT_ID');
        Insert into EMS_ANALYTICS_SEARCH_PARAMS (SEARCH_ID,NAME,PARAM_ATTRIBUTES,PARAM_TYPE,PARAM_VALUE_STR,PARAM_VALUE_CLOB,TENANT_ID) values (v_searchid_3,'TA_WIDGET_LINE_CHART_SHOW_CALLOUT',null,1,'false',null,'&TENANT_ID');
        Insert into EMS_ANALYTICS_SEARCH_PARAMS (SEARCH_ID,NAME,PARAM_ATTRIBUTES,PARAM_TYPE,PARAM_VALUE_STR,PARAM_VALUE_CLOB,TENANT_ID) values (v_searchid_3,'TA_TREEMAP_TOP_N_ROWS',null,1,'5000',null,'&TENANT_ID');
        Insert into EMS_ANALYTICS_SEARCH_PARAMS (SEARCH_ID,NAME,PARAM_ATTRIBUTES,PARAM_TYPE,PARAM_VALUE_STR,PARAM_VALUE_CLOB,TENANT_ID) values (v_searchid_3,'TA_STACKEDBAR_WIDGET_TOP_N_CONFIG',null,2,null,'{}','&TENANT_ID');

        Insert into EMS_ANALYTICS_SEARCH_PARAMS (SEARCH_ID,NAME,PARAM_ATTRIBUTES,PARAM_TYPE,PARAM_VALUE_STR,PARAM_VALUE_CLOB,TENANT_ID) values (v_searchid_3,'TIME_SERIES_REFERENCE_LINE_VALUE_KEY',null,1,null,null,'&TENANT_ID');
        Insert into EMS_ANALYTICS_SEARCH_PARAMS (SEARCH_ID,NAME,PARAM_ATTRIBUTES,PARAM_TYPE,PARAM_VALUE_STR,PARAM_VALUE_CLOB,TENANT_ID) values (v_searchid_3,'TA_WIDGET_GAUGE_SHOW_SPARK_CHART',null,1,'false',null,'&TENANT_ID');
        Insert into EMS_ANALYTICS_SEARCH_PARAMS (SEARCH_ID,NAME,PARAM_ATTRIBUTES,PARAM_TYPE,PARAM_VALUE_STR,PARAM_VALUE_CLOB,TENANT_ID) values (v_searchid_3,'TA_QDELINE_TIME_SERIES_CALLOUT_OPTION_KEY',null,1,'["no"]',null,'&TENANT_ID');
        Insert into EMS_ANALYTICS_SEARCH_PARAMS (SEARCH_ID,NAME,PARAM_ATTRIBUTES,PARAM_TYPE,PARAM_VALUE_STR,PARAM_VALUE_CLOB,TENANT_ID) values (v_searchid_3,'TA_STACKEDBAR_WIDGET_ENABLE_RANKING',null,1,'false',null,'&TENANT_ID');
        Insert into EMS_ANALYTICS_SEARCH_PARAMS (SEARCH_ID,NAME,PARAM_ATTRIBUTES,PARAM_TYPE,PARAM_VALUE_STR,PARAM_VALUE_CLOB,TENANT_ID) values (v_searchid_3,'TA_LINECHART_WIDGET_TOP_N_CONFIG',null,2,null,'{}','&TENANT_ID');
        Insert into EMS_ANALYTICS_SEARCH_PARAMS (SEARCH_ID,NAME,PARAM_ATTRIBUTES,PARAM_TYPE,PARAM_VALUE_STR,PARAM_VALUE_CLOB,TENANT_ID) values (v_searchid_3,'TIME_SERIES_TIME_PERIOD_KEY',null,1,'744',null,'&TENANT_ID');
        Insert into EMS_ANALYTICS_SEARCH_PARAMS (SEARCH_ID,NAME,PARAM_ATTRIBUTES,PARAM_TYPE,PARAM_VALUE_STR,PARAM_VALUE_CLOB,TENANT_ID) values (v_searchid_3,'TA_FUNNEL_WIDGET_SHOW_ORIENTATION',null,1,'vertical',null,'&TENANT_ID');
        Insert into EMS_ANALYTICS_SEARCH_PARAMS (SEARCH_ID,NAME,PARAM_ATTRIBUTES,PARAM_TYPE,PARAM_VALUE_STR,PARAM_VALUE_CLOB,TENANT_ID) values (v_searchid_3,'TIME_SERIES_DISPLAY_OPTION_KEY',null,1,'["insights"]',null,'&TENANT_ID');
        Insert into EMS_ANALYTICS_SEARCH_PARAMS (SEARCH_ID,NAME,PARAM_ATTRIBUTES,PARAM_TYPE,PARAM_VALUE_STR,PARAM_VALUE_CLOB,TENANT_ID) values (v_searchid_3,'TIME_SERIES_AREA_DISPLAY_OPTION_KEY',null,1,'["insights"]',null,'&TENANT_ID');
        Insert into EMS_ANALYTICS_SEARCH_PARAMS (SEARCH_ID,NAME,PARAM_ATTRIBUTES,PARAM_TYPE,PARAM_VALUE_STR,PARAM_VALUE_CLOB,TENANT_ID) values (v_searchid_3,'TIME_SERIES_REFERENCE_LINE_NAME_KEY',null,1,'""',null,'&TENANT_ID');
        Insert into EMS_ANALYTICS_SEARCH_PARAMS (SEARCH_ID,NAME,PARAM_ATTRIBUTES,PARAM_TYPE,PARAM_VALUE_STR,PARAM_VALUE_CLOB,TENANT_ID) values (v_searchid_3,'TA_STACKEDBAR_WIDGET_OTHER_METRICS_CRITERIA',null,2,null,'[]','&TENANT_ID');
        Insert into EMS_ANALYTICS_SEARCH_PARAMS (SEARCH_ID,NAME,PARAM_ATTRIBUTES,PARAM_TYPE,PARAM_VALUE_STR,PARAM_VALUE_CLOB,TENANT_ID) values (v_searchid_3,'WIDGET_TEMPLATE',null,1,'/widget/visualizationWidget/visualizationWidget.html',null,'&TENANT_ID');
        Insert into EMS_ANALYTICS_SEARCH_PARAMS (SEARCH_ID,NAME,PARAM_ATTRIBUTES,PARAM_TYPE,PARAM_VALUE_STR,PARAM_VALUE_CLOB,TENANT_ID) values (v_searchid_3,'WIDGET_KOC_NAME',null,1,'emcta-visualization',null,'&TENANT_ID');

        Insert into EMS_ANALYTICS_SEARCH_PARAMS (SEARCH_ID,NAME,PARAM_ATTRIBUTES,PARAM_TYPE,PARAM_VALUE_STR,PARAM_VALUE_CLOB,TENANT_ID) values (v_searchid_3,'TA_WIDGET_LINE_CHART_SHOW_STACKED',null,1,'on',null,'&TENANT_ID');
        Insert into EMS_ANALYTICS_SEARCH_PARAMS (SEARCH_ID,NAME,PARAM_ATTRIBUTES,PARAM_TYPE,PARAM_VALUE_STR,PARAM_VALUE_CLOB,TENANT_ID) values (v_searchid_3,'PROVIDER_VERSION',null,1,'1.1',null,'&TENANT_ID');
        Insert into EMS_ANALYTICS_SEARCH_PARAMS (SEARCH_ID,NAME,PARAM_ATTRIBUTES,PARAM_TYPE,PARAM_VALUE_STR,PARAM_VALUE_CLOB,TENANT_ID) values (v_searchid_3,'TA_QDELINE_TIME_SERIES_ENABLE_CALLOUT_OPTION_KEY',null,1,'["avg","min","max"]',null,'&TENANT_ID');
        Insert into EMS_ANALYTICS_SEARCH_PARAMS (SEARCH_ID,NAME,PARAM_ATTRIBUTES,PARAM_TYPE,PARAM_VALUE_STR,PARAM_VALUE_CLOB,TENANT_ID) values (v_searchid_3,'TA_WIDGET_LINE_CHART_TILE_SHOW_THRESHOLD',null,1,'false',null,'&TENANT_ID');
        Insert into EMS_ANALYTICS_SEARCH_PARAMS (SEARCH_ID,NAME,PARAM_ATTRIBUTES,PARAM_TYPE,PARAM_VALUE_STR,PARAM_VALUE_CLOB,TENANT_ID) values (v_searchid_3,'TA_HISTOGRAM_INSIGHT_OPTION_KEY',null,1,'insights',null,'&TENANT_ID');
        Insert into EMS_ANALYTICS_SEARCH_PARAMS (SEARCH_ID,NAME,PARAM_ATTRIBUTES,PARAM_TYPE,PARAM_VALUE_STR,PARAM_VALUE_CLOB,TENANT_ID) values (v_searchid_3,'TA_STACKEDBAR_WIDGET_SHARE_SAME_YAXIS',null,1,'false',null,'&TENANT_ID');
        Insert into EMS_ANALYTICS_SEARCH_PARAMS (SEARCH_ID,NAME,PARAM_ATTRIBUTES,PARAM_TYPE,PARAM_VALUE_STR,PARAM_VALUE_CLOB,TENANT_ID) values (v_searchid_3,'TA_FUNNEL_WIDGET_SHOW_KEY_NAME_SELECTION',null,2,null,'["no"]','&TENANT_ID');
        Insert into EMS_ANALYTICS_SEARCH_PARAMS (SEARCH_ID,NAME,PARAM_ATTRIBUTES,PARAM_TYPE,PARAM_VALUE_STR,PARAM_VALUE_CLOB,TENANT_ID) values (v_searchid_3,'TA_WIDGET_LABEL_SELECTED_TILE',null,1,'emcta-tile-label',null,'&TENANT_ID');
        Insert into EMS_ANALYTICS_SEARCH_PARAMS (SEARCH_ID,NAME,PARAM_ATTRIBUTES,PARAM_TYPE,PARAM_VALUE_STR,PARAM_VALUE_CLOB,TENANT_ID) values (v_searchid_3,'TA_HORI_SORT_COLUMN',null,1,'0',null,'&TENANT_ID');
        Insert into EMS_ANALYTICS_SEARCH_PARAMS (SEARCH_ID,NAME,PARAM_ATTRIBUTES,PARAM_TYPE,PARAM_VALUE_STR,PARAM_VALUE_CLOB,TENANT_ID) values (v_searchid_3,'TIME_SERIES_CALLOUT_OPTION_KEY',null,1,'["avg","min","max"]',null,'&TENANT_ID');
        Insert into EMS_ANALYTICS_SEARCH_PARAMS (SEARCH_ID,NAME,PARAM_ATTRIBUTES,PARAM_TYPE,PARAM_VALUE_STR,PARAM_VALUE_CLOB,TENANT_ID) values (v_searchid_3,'TA_TREEMAP_WIDGET_TOP_N_CONFIG',null,2,null,'{}','&TENANT_ID');
        Insert into EMS_ANALYTICS_SEARCH_PARAMS (SEARCH_ID,NAME,PARAM_ATTRIBUTES,PARAM_TYPE,PARAM_VALUE_STR,PARAM_VALUE_CLOB,TENANT_ID) values (v_searchid_3,'TA_WIDGET_CALLOUT',null,1,'none',null,'&TENANT_ID');
        Insert into EMS_ANALYTICS_SEARCH_PARAMS (SEARCH_ID,NAME,PARAM_ATTRIBUTES,PARAM_TYPE,PARAM_VALUE_STR,PARAM_VALUE_CLOB,TENANT_ID) values (v_searchid_3,'TA_WIDGET_SHOW_CALLOUT',null,1,'false',null,'&TENANT_ID');

        Insert into EMS_ANALYTICS_SEARCH_PARAMS (SEARCH_ID,NAME,PARAM_ATTRIBUTES,PARAM_TYPE,PARAM_VALUE_STR,PARAM_VALUE_CLOB,TENANT_ID) values (v_searchid_3,'TA_FUNNEL_WIDGET_OTHER_METRICS_CRITERIA',null,2,null,'[]','&TENANT_ID');
        Insert into EMS_ANALYTICS_SEARCH_PARAMS (SEARCH_ID,NAME,PARAM_ATTRIBUTES,PARAM_TYPE,PARAM_VALUE_STR,PARAM_VALUE_CLOB,TENANT_ID) values (v_searchid_3,'TA_STACKEDBAR_WIDGET_SHOW_CALLOUT',null,1,'false',null,'&TENANT_ID');
        Insert into EMS_ANALYTICS_SEARCH_PARAMS (SEARCH_ID,NAME,PARAM_ATTRIBUTES,PARAM_TYPE,PARAM_VALUE_STR,PARAM_VALUE_CLOB,TENANT_ID) values (v_searchid_3,'TIME_SERIES_ENABLE_CALLOUT_OPTION_KEY',null,1,'["no"]',null,'&TENANT_ID');
        Insert into EMS_ANALYTICS_SEARCH_PARAMS (SEARCH_ID,NAME,PARAM_ATTRIBUTES,PARAM_TYPE,PARAM_VALUE_STR,PARAM_VALUE_CLOB,TENANT_ID) values (v_searchid_3,'TA_TREEMAP_DISPLAY_OPTION_KEY',null,1,'["insights"]',null,'&TENANT_ID');
        Insert into EMS_ANALYTICS_SEARCH_PARAMS (SEARCH_ID,NAME,PARAM_ATTRIBUTES,PARAM_TYPE,PARAM_VALUE_STR,PARAM_VALUE_CLOB,TENANT_ID) values (v_searchid_3,'TIME_SERIES_AREA_TIME_PERIOD_KEY',null,1,'744',null,'&TENANT_ID');
        Insert into EMS_ANALYTICS_SEARCH_PARAMS (SEARCH_ID,NAME,PARAM_ATTRIBUTES,PARAM_TYPE,PARAM_VALUE_STR,PARAM_VALUE_CLOB,TENANT_ID) values (v_searchid_3,'TA_CORRELATION_TIME_PERIOD_KEY',null,1,'744',null,'&TENANT_ID');
        Insert into EMS_ANALYTICS_SEARCH_PARAMS (SEARCH_ID,NAME,PARAM_ATTRIBUTES,PARAM_TYPE,PARAM_VALUE_STR,PARAM_VALUE_CLOB,TENANT_ID) values (v_searchid_3,'TA_WIDGET_LINE_CHART_SELECTED_TILE',null,1,'emcta-tile-line',null,'&TENANT_ID');
        Insert into EMS_ANALYTICS_SEARCH_PARAMS (SEARCH_ID,NAME,PARAM_ATTRIBUTES,PARAM_TYPE,PARAM_VALUE_STR,PARAM_VALUE_CLOB,TENANT_ID) values (v_searchid_3,'TA_FUNNEL_WIDGET_SHOW_CALLOUT',null,1,'false',null,'&TENANT_ID');
        Insert into EMS_ANALYTICS_SEARCH_PARAMS (SEARCH_ID,NAME,PARAM_ATTRIBUTES,PARAM_TYPE,PARAM_VALUE_STR,PARAM_VALUE_CLOB,TENANT_ID) values (v_searchid_3,'TA_DONUT_WIDGET_TOP_N_CONFIG',null,2,null,'{}','&TENANT_ID');
        Insert into EMS_ANALYTICS_SEARCH_PARAMS (SEARCH_ID,NAME,PARAM_ATTRIBUTES,PARAM_TYPE,PARAM_VALUE_STR,PARAM_VALUE_CLOB,TENANT_ID) values (v_searchid_3,'TIME_SERIES_REFERENCE_LINE_OPTION_KEY',null,1,'"nameValue"',null,'&TENANT_ID');
        Insert into EMS_ANALYTICS_SEARCH_PARAMS (SEARCH_ID,NAME,PARAM_ATTRIBUTES,PARAM_TYPE,PARAM_VALUE_STR,PARAM_VALUE_CLOB,TENANT_ID) values (v_searchid_3,'TA_WIDGET_LABEL_SHOW_SPARK_CHART',null,1,'true',null,'&TENANT_ID');
        Insert into EMS_ANALYTICS_SEARCH_PARAMS (SEARCH_ID,NAME,PARAM_ATTRIBUTES,PARAM_TYPE,PARAM_VALUE_STR,PARAM_VALUE_CLOB,TENANT_ID) values (v_searchid_3,'TA_FUNNEL_WIDGET_SHOW_3D',null,1,'off',null,'&TENANT_ID');
        Insert into EMS_ANALYTICS_SEARCH_PARAMS (SEARCH_ID,NAME,PARAM_ATTRIBUTES,PARAM_TYPE,PARAM_VALUE_STR,PARAM_VALUE_CLOB,TENANT_ID) values (v_searchid_3,'WIDGET_SOURCE',null,1,'1',null,'&TENANT_ID');

        Insert into EMS_ANALYTICS_SEARCH_PARAMS (SEARCH_ID,NAME,PARAM_ATTRIBUTES,PARAM_TYPE,PARAM_VALUE_STR,PARAM_VALUE_CLOB,TENANT_ID) values (v_searchid_3,'SELECTED_TIME_RANGE',null,1,'[1466421717268,1466508117268]',null,'&TENANT_ID');
        Insert into EMS_ANALYTICS_SEARCH_PARAMS (SEARCH_ID,NAME,PARAM_ATTRIBUTES,PARAM_TYPE,PARAM_VALUE_STR,PARAM_VALUE_CLOB,TENANT_ID) values (v_searchid_3,'TIME_SERIES_AREA_WIDGET_TOP_N_CONFIG',null,2,null,'{}','&TENANT_ID');
        Insert into EMS_ANALYTICS_SEARCH_PARAMS (SEARCH_ID,NAME,PARAM_ATTRIBUTES,PARAM_TYPE,PARAM_VALUE_STR,PARAM_VALUE_CLOB,TENANT_ID) values (v_searchid_3,'TA_CRITERIA',null,2,null,'{"version":0.5,"criteria":[{"jsonConstructor":"TargetTypeSearchCriterion","data":{"_id":"target_type","_value":{"jsonConstructor":"CriterionExpression","data":{"type":"in","values":[{"jsonConstructor":"CriterionValue","data":{"value":"omc_host","metadata":{"category":false},"displayValue":"OMC Host"}}]}},"dataType":"string","_displayName":"Target Type","displayDetails":null,"role":"filter","func":null,"UIProperties":{"useForSort":false}}},{"jsonConstructor":"MetricGroupSearchCriterion","data":{"_id":"omc_host_HOST_CPU_cpuUtilizationPercent_","_value":null,"dataType":"number","_displayName":"CPU Utilization","displayDetails":"CPU","role":"y-axis ","func":"mean","UIProperties":{},"targetType":"omc_host","unitStr":"OMC_SYS_STANDARD_PERCENT_PERCENT","mcName":"cpuUtilizationPercent","mgName":"HOST_CPU","mgDisplayName":"CPU","isKey":0,"groupKeyColumns":[],"measures":[{"subject":"OMC_HOST","cube":"OMC_HOST-HOST_CPU","name":"CPUUTILIZATIONPERCENT","metricSourceType":1,"displayName":"CPU Utilization","cubeDisplayName":"CPU","mgName":"HOST_CPU","mcName":"cpuUtilizationPercent"}],"isConfig":0,"isCurated":true}}]}','&TENANT_ID');
        Insert into EMS_ANALYTICS_SEARCH_PARAMS (SEARCH_ID,NAME,PARAM_ATTRIBUTES,PARAM_TYPE,PARAM_VALUE_STR,PARAM_VALUE_CLOB,TENANT_ID) values (v_searchid_3,'TA_WIDGET_SHOW_SPARK_CHART',null,1,'false',null,'&TENANT_ID');
        Insert into EMS_ANALYTICS_SEARCH_PARAMS (SEARCH_ID,NAME,PARAM_ATTRIBUTES,PARAM_TYPE,PARAM_VALUE_STR,PARAM_VALUE_CLOB,TENANT_ID) values (v_searchid_3,'TIME_SERIES_AREA_ENABLE_CALLOUT_OPTION_KEY',null,1,'["no"]',null,'&TENANT_ID');
        Insert into EMS_ANALYTICS_SEARCH_PARAMS (SEARCH_ID,NAME,PARAM_ATTRIBUTES,PARAM_TYPE,PARAM_VALUE_STR,PARAM_VALUE_CLOB,TENANT_ID) values (v_searchid_3,'TA_QDELINE_DISPLAY_OPTION_KEY',null,1,'["insights"]',null,'&TENANT_ID');
        Insert into EMS_ANALYTICS_SEARCH_PARAMS (SEARCH_ID,NAME,PARAM_ATTRIBUTES,PARAM_TYPE,PARAM_VALUE_STR,PARAM_VALUE_CLOB,TENANT_ID) values (v_searchid_3,'TA_QDELINE_TIME_PERIOD_KEY',null,1,'744',null,'&TENANT_ID');
        Insert into EMS_ANALYTICS_SEARCH_PARAMS (SEARCH_ID,NAME,PARAM_ATTRIBUTES,PARAM_TYPE,PARAM_VALUE_STR,PARAM_VALUE_CLOB,TENANT_ID) values (v_searchid_3,'TA_FUNNEL_WIDGET_CALLOUT',null,1,'none',null,'&TENANT_ID');
        Insert into EMS_ANALYTICS_SEARCH_PARAMS (SEARCH_ID,NAME,PARAM_ATTRIBUTES,PARAM_TYPE,PARAM_VALUE_STR,PARAM_VALUE_CLOB,TENANT_ID) values (v_searchid_3,'TA_WIDGET_METRIC_TABLE_CALLOUT',null,1,'none',null,'&TENANT_ID');
        Insert into EMS_ANALYTICS_SEARCH_PARAMS (SEARCH_ID,NAME,PARAM_ATTRIBUTES,PARAM_TYPE,PARAM_VALUE_STR,PARAM_VALUE_CLOB,TENANT_ID) values (v_searchid_3,'TA_STACKEDBAR_WIDGET_TILE_SHOW_THRESHOLD',null,1,'false',null,'&TENANT_ID');
        Insert into EMS_ANALYTICS_SEARCH_PARAMS (SEARCH_ID,NAME,PARAM_ATTRIBUTES,PARAM_TYPE,PARAM_VALUE_STR,PARAM_VALUE_CLOB,TENANT_ID) values (v_searchid_3,'TA_WIDGET_GAUGE_SELECTED_TILE',null,1,'emcta-tile-circular',null,'&TENANT_ID');
        Insert into EMS_ANALYTICS_SEARCH_PARAMS (SEARCH_ID,NAME,PARAM_ATTRIBUTES,PARAM_TYPE,PARAM_VALUE_STR,PARAM_VALUE_CLOB,TENANT_ID) values (v_searchid_3,'TA_WIDGET_SELECTED_TILE',null,1,'emcta-tile-label',null,'&TENANT_ID');
        Insert into EMS_ANALYTICS_SEARCH_PARAMS (SEARCH_ID,NAME,PARAM_ATTRIBUTES,PARAM_TYPE,PARAM_VALUE_STR,PARAM_VALUE_CLOB,TENANT_ID) values (v_searchid_3,'TA_WIDGET_GAUGE_MAX_VALUE',null,1,'100',null,'&TENANT_ID');

        Insert into EMS_ANALYTICS_SEARCH_PARAMS (SEARCH_ID,NAME,PARAM_ATTRIBUTES,PARAM_TYPE,PARAM_VALUE_STR,PARAM_VALUE_CLOB,TENANT_ID) values (v_searchid_3,'TA_FUNNEL_WIDGET_KEY_METRICS',null,2,null,'{"keyMetricsNameList":[],"otherKeyMetricsNameList":[]}','&TENANT_ID');
        Insert into EMS_ANALYTICS_SEARCH_PARAMS (SEARCH_ID,NAME,PARAM_ATTRIBUTES,PARAM_TYPE,PARAM_VALUE_STR,PARAM_VALUE_CLOB,TENANT_ID) values (v_searchid_3,'TA_WIDGET_GAUGE_COLOR_VALUE',null,1,'#84bbe6',null,'&TENANT_ID');
        Insert into EMS_ANALYTICS_SEARCH_PARAMS (SEARCH_ID,NAME,PARAM_ATTRIBUTES,PARAM_TYPE,PARAM_VALUE_STR,PARAM_VALUE_CLOB,TENANT_ID) values (v_searchid_3,'TA_WIDGET_TILE_SHOW_THRESHOLD',null,1,'false',null,'&TENANT_ID');
        Insert into EMS_ANALYTICS_SEARCH_PARAMS (SEARCH_ID,NAME,PARAM_ATTRIBUTES,PARAM_TYPE,PARAM_VALUE_STR,PARAM_VALUE_CLOB,TENANT_ID) values (v_searchid_3,'PROVIDER_NAME',null,1,'TargetAnalytics',null,'&TENANT_ID');
        Insert into EMS_ANALYTICS_SEARCH_PARAMS (SEARCH_ID,NAME,PARAM_ATTRIBUTES,PARAM_TYPE,PARAM_VALUE_STR,PARAM_VALUE_CLOB,TENANT_ID) values (v_searchid_3,'TA_LINE_CHART_WIDGET_SHOW_STACKED',null,1,'on',null,'&TENANT_ID');
        Insert into EMS_ANALYTICS_SEARCH_PARAMS (SEARCH_ID,NAME,PARAM_ATTRIBUTES,PARAM_TYPE,PARAM_VALUE_STR,PARAM_VALUE_CLOB,TENANT_ID) values (v_searchid_3,'TA_DONUT_WIDGET_ENABLE_RANKING',null,1,'false',null,'&TENANT_ID');
        Insert into EMS_ANALYTICS_SEARCH_PARAMS (SEARCH_ID,NAME,PARAM_ATTRIBUTES,PARAM_TYPE,PARAM_VALUE_STR,PARAM_VALUE_CLOB,TENANT_ID) values (v_searchid_3,'PROVIDER_ASSET_ROOT',null,1,'assetRoot',null,'&TENANT_ID');
        Insert into EMS_ANALYTICS_SEARCH_PARAMS (SEARCH_ID,NAME,PARAM_ATTRIBUTES,PARAM_TYPE,PARAM_VALUE_STR,PARAM_VALUE_CLOB,TENANT_ID) values (v_searchid_3,'TA_STACKEDBAR_WIDGET_KEY_METRICS',null,2,null,'{"keyMetricsNameList":[],"otherKeyMetricsNameList":[]}','&TENANT_ID');
        Insert into EMS_ANALYTICS_SEARCH_PARAMS (SEARCH_ID,NAME,PARAM_ATTRIBUTES,PARAM_TYPE,PARAM_VALUE_STR,PARAM_VALUE_CLOB,TENANT_ID) values (v_searchid_3,'WIDGET_VIEWMODEL',null,1,'/widget/visualizationWidget/js/VisualizationWidget.js',null,'&TENANT_ID');
        Insert into EMS_ANALYTICS_SEARCH_PARAMS (SEARCH_ID,NAME,PARAM_ATTRIBUTES,PARAM_TYPE,PARAM_VALUE_STR,PARAM_VALUE_CLOB,TENANT_ID) values (v_searchid_3,'TA_STACKEDBAR_WIDGET_CALLOUT',null,1,'none',null,'&TENANT_ID');
        Insert into EMS_ANALYTICS_SEARCH_PARAMS (SEARCH_ID,NAME,PARAM_ATTRIBUTES,PARAM_TYPE,PARAM_VALUE_STR,PARAM_VALUE_CLOB,TENANT_ID) values (v_searchid_3,'TA_STACKEDBAR_WIDGET_SHOW_KEY_NAME_SELECTION',null,2,null,'["no"]','&TENANT_ID');
        Insert into EMS_ANALYTICS_SEARCH_PARAMS (SEARCH_ID,NAME,PARAM_ATTRIBUTES,PARAM_TYPE,PARAM_VALUE_STR,PARAM_VALUE_CLOB,TENANT_ID) values (v_searchid_3,'TA_HORI_SORT_ORDER',null,1,'true',null,'&TENANT_ID');
        Insert into EMS_ANALYTICS_SEARCH_PARAMS (SEARCH_ID,NAME,PARAM_ATTRIBUTES,PARAM_TYPE,PARAM_VALUE_STR,PARAM_VALUE_CLOB,TENANT_ID) values (v_searchid_3,'TOP_N_ROWS',null,1,'50',null,'&TENANT_ID');
      
        insert into EMS_ANALYTICS_LAST_ACCESS(OBJECT_ID,ACCESSED_BY,OBJECT_TYPE,ACCESS_DATE,TENANT_ID) values (v_searchid_3,'ORACLE',2,SYS_EXTRACT_UTC(SYSTIMESTAMP),'&TENANT_ID');        

        DBMS_OUTPUT.PUT_LINE('OOB widget (id='||v_searchid_3||') is added');  
    ELSE
      DBMS_OUTPUT.PUT_LINE('OOB widget (id='||v_searchid_3||') exists, no need to add again');  
    END IF;  
    
    COMMIT;

EXCEPTION
WHEN OTHERS THEN
    ROLLBACK;
    DBMS_OUTPUT.PUT_LINE('Failed to add 3 TA OOB WIDGET due to '||SQLERRM);   
    RAISE;  
    
END;
/
